-- phpMyAdmin SQL Dump
-- version 4.0.10deb1
-- http://www.phpmyadmin.net
--
-- Host: localhost
-- Generation Time: Oct 16, 2015 at 12:41 PM
-- Server version: 5.5.37-0ubuntu0.14.04.1
-- PHP Version: 5.5.9-1ubuntu4.3

SET SQL_MODE = "NO_AUTO_VALUE_ON_ZERO";
SET time_zone = "+00:00";


/*!40101 SET @OLD_CHARACTER_SET_CLIENT=@@CHARACTER_SET_CLIENT */;
/*!40101 SET @OLD_CHARACTER_SET_RESULTS=@@CHARACTER_SET_RESULTS */;
/*!40101 SET @OLD_COLLATION_CONNECTION=@@COLLATION_CONNECTION */;
/*!40101 SET NAMES utf8 */;

--
-- Database: `descubre_turismo`
--

-- --------------------------------------------------------

--
-- Table structure for table `administrador`
--

CREATE TABLE IF NOT EXISTS `administrador` (
  `idadministrador` int(11) NOT NULL,
  `adm_email` varchar(45) DEFAULT NULL,
  `adm_password` varchar(45) DEFAULT NULL,
  `adm_estado` tinyint(4) DEFAULT NULL,
  `adm_img` varchar(90) DEFAULT NULL,
  PRIMARY KEY (`idadministrador`)
) ENGINE=InnoDB DEFAULT CHARSET=utf8;

-- --------------------------------------------------------

--
-- Table structure for table `aturistico`
--

CREATE TABLE IF NOT EXISTS `aturistico` (
  `idaturistico` int(11) NOT NULL AUTO_INCREMENT,
  `atur_nombre` text,
  `atur_serviciobrindado` text,
  `atur_vacceso` text,
  `atur_transporte` text,
  `atur_ingreso` text,
  `atur_estacionalidad` text,
  `atur_estadoactual` int(11) DEFAULT NULL,
  `stur_recomendaciones` text,
  `stur_reshistorica` text,
  `atur_interes` text,
  `atur_estado` tinyint(1) DEFAULT NULL,
  `idlugar` int(11) NOT NULL,
  `atur_precio` int(11) DEFAULT NULL,
  `tipo_idtipo` int(11) NOT NULL,
  PRIMARY KEY (`idaturistico`)
) ENGINE=InnoDB  DEFAULT CHARSET=utf8 AUTO_INCREMENT=27 ;

-- --------------------------------------------------------

--
-- Table structure for table `cliente`
--

CREATE TABLE IF NOT EXISTS `cliente` (
  `idcliente` int(11) NOT NULL AUTO_INCREMENT,
  `cli_nomyape` varchar(90) DEFAULT NULL,
  `cli_sexo` varchar(15) DEFAULT NULL,
  `cli_nacionalidad` varchar(25) DEFAULT NULL,
  `cli_edad` int(11) DEFAULT NULL,
  `cli_correo` varchar(90) DEFAULT NULL,
  `cli_estado` bit(1) DEFAULT NULL,
  PRIMARY KEY (`idcliente`)
) ENGINE=InnoDB  DEFAULT CHARSET=utf8 AUTO_INCREMENT=6 ;

-- --------------------------------------------------------

--
-- Table structure for table `departamento`
--

CREATE TABLE IF NOT EXISTS `departamento` (
  `iddepartamento` varchar(2) NOT NULL,
  `dep_pdescripcion` varchar(85) DEFAULT NULL,
  `dep_estado` tinyint(1) DEFAULT NULL,
  PRIMARY KEY (`iddepartamento`)
) ENGINE=InnoDB DEFAULT CHARSET=utf8;

--
-- Dumping data for table `departamento`
--

INSERT INTO `departamento` (`iddepartamento`, `dep_pdescripcion`, `dep_estado`) VALUES
('01', 'AMAZONAS', 1),
('02', 'ANCASH', 1),
('03', 'APURIMAC', 1),
('04', 'AREQUIPA', 1),
('05', 'AYACUCHO', 1),
('06', 'CAJAMARCA', 1),
('07', 'CUSCO', 1),
('08', 'HUANCAVELICA', 1),
('09', 'HUANUCO', 1),
('10', 'ICA', 1),
('11', 'JUNIN', 1),
('12', 'LA LIBERTAD', 1),
('13', 'LAMBAYEQUE', 1),
('14', 'LIMA', 1),
('15', 'LORETO', 1),
('16', 'MADRE DE DIOS', 1),
('17', 'MOQUEGUA', 1),
('18', 'PASCO', 1),
('19', 'PIURA', 1),
('20', 'PUNO', 1),
('21', 'SAN MARTIN', 1),
('22', 'TACNA', 1),
('23', 'TUMBES', 1),
('24', 'CALLAO', 1),
('25', 'UCAYALI', 1);

-- --------------------------------------------------------

--
-- Table structure for table `distrito`
--

CREATE TABLE IF NOT EXISTS `distrito` (
  `iddistrito` varchar(2) NOT NULL,
  `dis_descripcion` varchar(85) DEFAULT NULL,
  `idprovincia` varchar(2) NOT NULL,
  `iddepartamento` varchar(2) NOT NULL,
  `dis_activo` tinyint(1) DEFAULT NULL,
  PRIMARY KEY (`iddistrito`,`idprovincia`,`iddepartamento`),
  KEY `fk_distrito_provincia1_idx` (`idprovincia`) USING BTREE,
  KEY `fk_distrito_departamento1_idx` (`iddepartamento`) USING BTREE
) ENGINE=InnoDB DEFAULT CHARSET=utf8;

--
-- Dumping data for table `distrito`
--

INSERT INTO `distrito` (`iddistrito`, `dis_descripcion`, `idprovincia`, `iddepartamento`, `dis_activo`) VALUES
('01', 'CHACHAPOYAS', '01', '01', 1),
('01', 'HUARAZ', '01', '02', 1),
('01', 'ABANCAY', '01', '03', 1),
('01', 'AREQUIPA', '01', '04', 1),
('01', 'AYACUCHO', '01', '05', 1),
('01', 'CAJAMARCA', '01', '06', 1),
('01', 'CUSCO', '01', '07', 1),
('01', 'HUANCAVELICA', '01', '08', 1),
('01', 'HUANUCO', '01', '09', 1),
('01', 'ICA', '01', '10', 1),
('01', 'HUANCAYO', '01', '11', 1),
('01', 'TRUJILLO', '01', '12', 1),
('01', 'CHICLAYO', '01', '13', 1),
('01', 'LIMA', '01', '14', 1),
('01', 'IQUITOS', '01', '15', 1),
('01', 'TAMBOPATA', '01', '16', 1),
('01', 'MOQUEGUA', '01', '17', 1),
('01', 'CHAUPIMARCA', '01', '18', 1),
('01', 'PIURA', '01', '19', 1),
('01', 'PUNO', '01', '20', 1),
('01', 'MOYOBAMBA', '01', '21', 1),
('01', 'TACNA', '01', '22', 1),
('01', 'TUMBES', '01', '23', 1),
('01', 'CALLERIA', '01', '25', 1),
('01', 'LA PECA', '02', '01', 1),
('01', 'AIJA', '02', '02', 1),
('01', 'CHALHUANCA', '02', '03', 1),
('01', 'CHIVAY', '02', '04', 1),
('01', 'CANGALLO', '02', '05', 1),
('01', 'CAJABAMBA', '02', '06', 1),
('01', 'ACOMAYO', '02', '07', 1),
('01', 'ACOBAMBA', '02', '08', 1),
('01', 'AMBO', '02', '09', 1),
('01', 'CHINCHA ALTA', '02', '10', 1),
('01', 'CONCEPCION', '02', '11', 1),
('01', 'BOLIVAR', '02', '12', 1),
('01', 'FERREÑAFE', '02', '13', 1),
('01', 'CAJATAMBO', '02', '14', 1),
('01', 'YURIMAGUAS', '02', '15', 1),
('01', 'MANU', '02', '16', 1),
('01', 'OMATE', '02', '17', 1),
('01', 'YANAHUANCA', '02', '18', 1),
('01', 'AYABACA', '02', '19', 1),
('01', 'AZANGARO', '02', '20', 1),
('01', 'SAPOSOA', '02', '21', 1),
('01', 'TARATA', '02', '22', 1),
('01', 'ZORRITOS', '02', '23', 1),
('01', 'PADRE ABAD', '02', '25', 1),
('01', 'JUMBILLA', '03', '01', 1),
('01', 'CHIQUIAN', '03', '02', 1),
('01', 'ANDAHUAYLAS', '03', '03', 1),
('01', 'CAMANA', '03', '04', 1),
('01', 'HUANTA', '03', '05', 1),
('01', 'CELENDIN', '03', '06', 1),
('01', 'ANTA', '03', '07', 1),
('01', 'LIRCAY', '03', '08', 1),
('01', 'LA UNION', '03', '09', 1),
('01', 'NAZCA', '03', '10', 1),
('01', 'JAUJA', '03', '11', 1),
('01', 'HUAMACHUCO', '03', '12', 1),
('01', 'LAMBAYEQUE', '03', '13', 1),
('01', 'CANTA', '03', '14', 1),
('01', 'NAUTA', '03', '15', 1),
('01', 'IÑAPARI', '03', '16', 1),
('01', 'ILO', '03', '17', 1),
('01', 'OXAPAMPA', '03', '18', 1),
('01', 'HUANCABAMBA', '03', '19', 1),
('01', 'MACUSANI', '03', '20', 1),
('01', 'LAMAS', '03', '21', 1),
('01', 'LOCUMBA', '03', '22', 1),
('01', 'ZARUMILLA', '03', '23', 1),
('01', 'RAIMONDI', '03', '25', 1),
('01', 'LAMUD', '04', '01', 1),
('01', 'CARHUAZ', '04', '02', 1),
('01', 'ANTABAMBA', '04', '03', 1),
('01', 'CARAVELI', '04', '04', 1),
('01', 'SAN MIGUEL', '04', '05', 1),
('01', 'CONTUMAZA', '04', '06', 1),
('01', 'CALCA', '04', '07', 1),
('01', 'CASTROVIRREYNA', '04', '08', 1),
('01', 'LLATA', '04', '09', 1),
('01', 'PISCO', '04', '10', 1),
('01', 'JUNIN', '04', '11', 1),
('01', 'OTUZCO', '04', '12', 1),
('01', 'SAN VICENTE DE CAÑETE', '04', '14', 1),
('01', 'REQUENA', '04', '15', 1),
('01', 'CHULUCANAS', '04', '19', 1),
('01', 'JULI', '04', '20', 1),
('01', 'JUANJUI', '04', '21', 1),
('01', 'CANDARAVE', '04', '22', 1),
('01', 'PURUS', '04', '25', 1),
('01', 'SAN NICOLAS', '05', '01', 1),
('01', 'CASMA', '05', '02', 1),
('01', 'TAMBOBAMBA', '05', '03', 1),
('01', 'APLAO', '05', '04', 1),
('01', 'PUQUIO', '05', '05', 1),
('01', 'CUTERVO', '05', '06', 1),
('01', 'YANAOCA', '05', '07', 1),
('01', 'PAMPAS', '05', '08', 1),
('01', 'HUACRACHUCO', '05', '09', 1),
('01', 'PALPA', '05', '10', 1),
('01', 'TARMA', '05', '11', 1),
('01', 'SAN PEDRO DE LLOC', '05', '12', 1),
('01', 'HUACHO', '05', '14', 1),
('01', 'CONTAMANA', '05', '15', 1),
('01', 'PAITA', '05', '19', 1),
('01', 'HUANCANE', '05', '20', 1),
('01', 'RIOJA', '05', '21', 1),
('01', 'NIEVA', '06', '01', 1),
('01', 'CORON', '06', '02', 1),
('01', 'CHUQUIBAMBILLA', '06', '03', 1),
('01', 'CHUQUIBAMBA', '06', '04', 1),
('01', 'CORACORA', '06', '05', 1),
('01', 'CHOTA', '06', '06', 1),
('01', 'SICUANI', '06', '07', 1),
('01', 'AYAVI', '06', '08', 1),
('01', 'RUPA-RUPA', '06', '09', 1),
('01', 'LA OROYA', '06', '11', 1),
('01', 'TAYABAMBA', '06', '12', 1),
('01', 'MATUCANA', '06', '14', 1),
('01', 'RAMON CASTILLA', '06', '15', 1),
('01', 'SULLANA', '06', '19', 1),
('01', 'LAMPA', '06', '20', 1),
('01', 'TARAPOTO', '06', '21', 1),
('01', 'BAGUA GRANDE', '07', '01', 1),
('01', 'CARAZ', '07', '02', 1),
('01', 'CHINCHEROS', '07', '03', 1),
('01', 'MOLLENDO', '07', '04', 1),
('01', 'HUANCAPI', '07', '05', 1),
('01', 'BAMBAMARCA', '07', '06', 1),
('01', 'SANTO TOMAS', '07', '07', 1),
('01', 'CHURCAMPA', '07', '08', 1),
('01', 'PANAO', '07', '09', 1),
('01', 'SATIPO', '07', '11', 1),
('01', 'SANTIA DE CHUCO', '07', '12', 1),
('01', 'YAUYOS', '07', '14', 1),
('01', 'BARRANCA', '07', '15', 1),
('01', 'PARIÑAS', '07', '19', 1),
('01', 'AYAVIRI', '07', '20', 1),
('01', 'BELLAVISTA', '07', '21', 1),
('01', 'HUARI', '08', '02', 1),
('01', 'COTAHUASI', '08', '04', 1),
('01', 'SANCOS', '08', '05', 1),
('01', 'JAEN', '08', '06', 1),
('01', 'ESPINAR', '08', '07', 1),
('01', 'HONORIA', '08', '09', 1),
('01', 'CHANCHAMAYO', '08', '11', 1),
('01', 'ASCOPE', '08', '12', 1),
('01', 'HUARAL', '08', '14', 1),
('01', 'SECHURA', '08', '19', 1),
('01', 'SANDIA', '08', '20', 1),
('01', 'TOCACHE', '08', '21', 1),
('01', 'PISCOBAMBA', '09', '02', 1),
('01', 'VILCAS HUAMAN', '09', '05', 1),
('01', 'SANTA CRUZ', '09', '06', 1),
('01', 'SANTA ANA', '09', '07', 1),
('01', 'HUACAYBAMBA', '09', '09', 1),
('01', 'CHUPACA', '09', '11', 1),
('01', 'CHEPEN', '09', '12', 1),
('01', 'BARRANCA', '09', '14', 1),
('01', 'JULIACA', '09', '20', 1),
('01', 'PICOTA', '09', '21', 1),
('01', 'CABANA', '10', '02', 1),
('01', 'PAUSA', '10', '05', 1),
('01', 'SAN MIGUEL', '10', '06', 1),
('01', 'PARURO', '10', '07', 1),
('01', 'JESUS', '10', '09', 1),
('01', 'JULCAN', '10', '12', 1),
('01', 'OYON', '10', '14', 1),
('01', 'YUNGUYO', '10', '20', 1),
('01', 'SAN JOSE DE SISA', '10', '21', 1),
('01', 'POMABAMBA', '11', '02', 1),
('01', 'QUEROBAMBA', '11', '05', 1),
('01', 'SAN IGNACIO', '11', '06', 1),
('01', 'PAUCARTAMBO', '11', '07', 1),
('01', 'CHAVINILLO', '11', '09', 1),
('01', 'CASCAS', '11', '12', 1),
('01', 'PUTINA', '11', '20', 1),
('01', 'RECUAY', '12', '02', 1),
('01', 'PEDRO GALVEZ', '12', '06', 1),
('01', 'URCOS', '12', '07', 1),
('01', 'VIRU', '12', '12', 1),
('01', 'ILAVE', '12', '20', 1),
('01', 'CHIMBOTE', '13', '02', 1),
('01', 'SAN PABLO', '13', '06', 1),
('01', 'URUBAMBA', '13', '07', 1),
('01', 'MOHO', '13', '20', 1),
('01', 'SIHUAS', '14', '02', 1),
('01', 'YUNGAY', '15', '02', 1),
('01', 'LLAMELLIN', '16', '02', 1),
('01', 'SAN LUIS', '17', '02', 1),
('01', 'CHACAS', '18', '02', 1),
('01', 'HUARMEY', '19', '02', 1),
('01', 'ACAS', '20', '02', 1),
('02', 'ASUNCION', '01', '01', 1),
('02', 'INDEPENDENCIA', '01', '02', 1),
('02', 'CIRCA', '01', '03', 1),
('02', 'CAYMA', '01', '04', 1),
('02', 'ACOS VINCHOS', '01', '05', 1),
('02', 'ASUNCION', '01', '06', 1),
('02', 'CCORCA', '01', '07', 1),
('02', 'ACOBAMBILLA', '01', '08', 1),
('02', 'CHINCHAO', '01', '09', 1),
('02', 'LA TINGUIÑA', '01', '10', 1),
('02', 'HUANCHACO', '01', '12', 1),
('02', 'CHONYAPE', '01', '13', 1),
('02', 'ANCON', '01', '14', 1),
('02', 'ALTO NANAY', '01', '15', 1),
('02', 'INAMBARI', '01', '16', 1),
('02', 'CARUMAS', '01', '17', 1),
('02', 'ACORA', '01', '20', 1),
('02', 'CALZADA', '01', '21', 1),
('02', 'CALANA', '01', '22', 1),
('02', 'CORRALES', '01', '23', 1),
('02', 'YARINACOCHA', '01', '25', 1),
('02', 'ARAMAN', '02', '01', 1),
('02', 'CAPAYA', '02', '03', 1),
('02', 'ACHOMA', '02', '04', 1),
('02', 'CACHACHI', '02', '06', 1),
('02', 'ACOPIA', '02', '07', 1),
('02', 'ANTA', '02', '08', 1),
('02', 'CAYNA', '02', '09', 1),
('02', 'CHAVIN', '02', '10', 1),
('02', 'ACO', '02', '11', 1),
('02', 'BAMBAMARCA', '02', '12', 1),
('02', 'INCAHUASI', '02', '13', 1),
('02', 'BALSAPUERTO', '02', '15', 1),
('02', 'FITZCARRALD', '02', '16', 1),
('02', 'COALAQUE', '02', '17', 1),
('02', 'CHACAYAN', '02', '18', 1),
('02', 'FRIAS', '02', '19', 1),
('02', 'ACHAYA', '02', '20', 1),
('02', 'PISCOYACU', '02', '21', 1),
('02', 'CASITAS', '02', '23', 1),
('02', 'IRAZOLA', '02', '25', 1),
('02', 'COROSHA', '03', '01', 1),
('02', 'ABELARDO PARDO LEZAMETA', '03', '02', 1),
('02', 'ANDARAPA', '03', '03', 1),
('02', 'JOSE MARIA QUIMPER', '03', '04', 1),
('02', 'AYAHUANCO', '03', '05', 1),
('02', 'CORTEGANA', '03', '06', 1),
('02', 'CHINCHAYPUJIO', '03', '07', 1),
('02', 'ANCHONGA', '03', '08', 1),
('02', 'CHANGUILLO', '03', '10', 1),
('02', 'ACOLLA', '03', '11', 1),
('02', 'COCHORCO', '03', '12', 1),
('02', 'CHOCHOPE', '03', '13', 1),
('02', 'ARAHUAY', '03', '14', 1),
('02', 'PARINARI', '03', '15', 1),
('02', 'IBERIA', '03', '16', 1),
('02', 'EL ALGARROBAL', '03', '17', 1),
('02', 'CHONTABAMBA', '03', '18', 1),
('02', 'CANCHAQUE', '03', '19', 1),
('02', 'AJOYANI', '03', '20', 1),
('02', 'ITE', '03', '22', 1),
('02', 'MATAPALO', '03', '23', 1),
('02', 'TAHUANIA', '03', '25', 1),
('02', 'CAMPORREDONDO', '04', '01', 1),
('02', 'ACOPAMPA', '04', '02', 1),
('02', 'EL ORO', '04', '03', 1),
('02', 'ACARI', '04', '04', 1),
('02', 'ANCO', '04', '05', 1),
('02', 'COYA', '04', '07', 1),
('02', 'ARMA', '04', '08', 1),
('02', 'ARANCAY', '04', '09', 1),
('02', 'HUANCANO', '04', '10', 1),
('02', 'CARHUAMAYO', '04', '11', 1),
('02', 'AGALLPAMPA', '04', '12', 1),
('02', 'CALAN', '04', '14', 1),
('02', 'ALTO TAPICHE', '04', '15', 1),
('02', 'BUENOS AIRES', '04', '19', 1),
('02', 'DESAGUADERO', '04', '20', 1),
('02', 'CAMPANILLA', '04', '21', 1),
('02', 'CAIRANI', '04', '22', 1),
('02', 'COCHAMAL', '05', '01', 1),
('02', 'BUENA VISTA ALTA', '05', '02', 1),
('02', 'COYLLURQUI', '05', '03', 1),
('02', 'ANDAGUA', '05', '04', 1),
('02', 'AUCARA', '05', '05', 1),
('02', 'CALLAYUC', '05', '06', 1),
('02', 'CHECCA', '05', '07', 1),
('02', 'ACOSTAMBO', '05', '08', 1),
('02', 'CHOLON', '05', '09', 1),
('02', 'LLIPATA', '05', '10', 1),
('02', 'ACOBAMBA', '05', '11', 1),
('02', 'AMBAR', '05', '14', 1),
('02', 'VARGAS GUERRA', '05', '15', 1),
('02', 'AMOTAPE', '05', '19', 1),
('02', 'COJATA', '05', '20', 1),
('02', 'POSIC', '05', '21', 1),
('02', 'RIO SANTIA', '06', '01', 1),
('02', 'ACO', '06', '02', 1),
('02', 'CURPAHUASI', '06', '03', 1),
('02', 'ANDARAY', '06', '04', 1),
('02', 'ANGUIA', '06', '06', 1),
('02', 'COMBAPATA', '06', '07', 1),
('02', 'CORDOVA', '06', '08', 1),
('02', 'DANIEL ALOMIA ROBLES', '06', '09', 1),
('02', 'CHACAPALPA', '06', '11', 1),
('02', 'BULDIBUYO', '06', '12', 1),
('02', 'ANTIOQUIA', '06', '14', 1),
('02', 'PEBAS', '06', '15', 1),
('02', 'BELLAVISTA', '06', '19', 1),
('02', 'CABANILLA', '06', '20', 1),
('02', 'ALBERTO LEVEAU', '06', '21', 1),
('02', 'CAJARURO', '07', '01', 1),
('02', 'HUALLANCA', '07', '02', 1),
('02', 'ONY', '07', '03', 1),
('02', 'COCACHACRA', '07', '04', 1),
('02', 'ALCAMENCA', '07', '05', 1),
('02', 'CHUGUR', '07', '06', 1),
('02', 'CAPACMARCA', '07', '07', 1),
('02', 'ANCO', '07', '08', 1),
('02', 'CHAGLLA', '07', '09', 1),
('02', 'COVIRIALI', '07', '11', 1),
('02', 'CACHICADAN', '07', '12', 1),
('02', 'ALIS', '07', '14', 1),
('02', 'ANDOAS', '07', '15', 1),
('02', 'EL ALTO', '07', '19', 1),
('02', 'ANTAUTA', '07', '20', 1),
('02', 'SAN RAFAEL', '07', '21', 1),
('02', 'CAJAY', '08', '02', 1),
('02', 'ALCA', '08', '04', 1),
('02', 'SACSAMARCA', '08', '05', 1),
('02', 'BELLAVISTA', '08', '06', 1),
('02', 'CONDOROMA', '08', '07', 1),
('02', 'PUERTO INCA', '08', '09', 1),
('02', 'SAN RAMON', '08', '11', 1),
('02', 'CHICAMA', '08', '12', 1),
('02', 'ATAVILLOS ALTO', '08', '14', 1),
('02', 'VICE', '08', '19', 1),
('02', 'NUEVO PROGRESO', '08', '21', 1),
('02', 'CASCA', '09', '02', 1),
('02', 'VISCHON', '09', '05', 1),
('02', 'CATACHE', '09', '06', 1),
('02', 'ECHARATE', '09', '07', 1),
('02', 'PINRA', '09', '09', 1),
('02', 'AHUAC', '09', '11', 1),
('02', 'PACANGA', '09', '12', 1),
('02', 'PARAMONGA', '09', '14', 1),
('02', 'CABANA', '09', '20', 1),
('02', 'BUENOS AIRES', '09', '21', 1),
('02', 'BOLOGNESI', '10', '02', 1),
('02', 'COLTA', '10', '05', 1),
('02', 'CALQUIS', '10', '06', 1),
('02', 'ACCHA', '10', '07', 1),
('02', 'BAÑOS', '10', '09', 1),
('02', 'CARABAMBA', '10', '12', 1),
('02', 'NAVAN', '10', '14', 1),
('02', 'UNICACHI', '10', '20', 1),
('02', 'AGUA BLANCA', '10', '21', 1),
('02', 'HUAYLLAN', '11', '02', 1),
('02', 'BELEN', '11', '05', 1),
('02', 'CHIRINOS', '11', '06', 1),
('02', 'CAICAY', '11', '07', 1),
('02', 'APARICIO POMARES', '11', '09', 1),
('02', 'LUCMA', '11', '12', 1),
('02', 'PEDRO VILCA APAZA', '11', '20', 1),
('02', 'COTAPARACO', '12', '02', 1),
('02', 'ICHOCAN', '12', '06', 1),
('02', 'ANDAHUAYLILLAS', '12', '07', 1),
('02', 'CHAO', '12', '12', 1),
('02', 'PILCUYO', '12', '20', 1),
('02', 'CACERES DEL PERU', '13', '02', 1),
('02', 'SAN BERNARDINO', '13', '06', 1),
('02', 'CHINCHERO', '13', '07', 1),
('02', 'CONIMA', '13', '20', 1),
('02', 'ALFONSO UGARTE', '14', '02', 1),
('02', 'CASCAPARA', '15', '02', 1),
('02', 'ACZO', '16', '02', 1),
('02', 'YAUYA', '17', '02', 1),
('02', 'ACOCHACA', '18', '02', 1),
('02', 'COCHAPETI', '19', '02', 1),
('02', 'CAJAMARQUILLA', '20', '02', 1),
('03', 'BALSAS', '01', '01', 1),
('03', 'COCHABAMBA', '01', '02', 1),
('03', 'CURAHUASI', '01', '03', 1),
('03', 'CERRO COLORADO', '01', '04', 1),
('03', 'CARMEN ALTO', '01', '05', 1),
('03', 'COSPAN', '01', '06', 1),
('03', 'POROY', '01', '07', 1),
('03', 'ACORIA', '01', '08', 1),
('03', 'CHURUBAMBA', '01', '09', 1),
('03', 'LOS AQUIJES', '01', '10', 1),
('03', 'CARHUACALLANGA', '01', '11', 1),
('03', 'LAREDO', '01', '12', 1),
('03', 'ETEN', '01', '13', 1),
('03', 'ATE', '01', '14', 1),
('03', 'FERNANDO LORES', '01', '15', 1),
('03', 'LAS PIEDRAS', '01', '16', 1),
('03', 'CUCHUMBAYA', '01', '17', 1),
('03', 'HUACHON', '01', '18', 1),
('03', 'CASTILLA', '01', '19', 1),
('03', 'ATUNCOLLA', '01', '20', 1),
('03', 'HABANA', '01', '21', 1),
('03', 'LA CRUZ', '01', '23', 1),
('03', 'MASISEA', '01', '25', 1),
('03', 'COPALLIN', '02', '01', 1),
('03', 'CORIS', '02', '02', 1),
('03', 'CARAYBAMBA', '02', '03', 1),
('03', 'CABANACONDE', '02', '04', 1),
('03', 'CONDEBAMBA', '02', '06', 1),
('03', 'ACOS', '02', '07', 1),
('03', 'ANDABAMBA', '02', '08', 1),
('03', 'COLPAS', '02', '09', 1),
('03', 'CHINCHA BAJA', '02', '10', 1),
('03', 'ANDAMARCA', '02', '11', 1),
('03', 'CONDORMARCA', '02', '12', 1),
('03', 'CAÑARIS', '02', '13', 1),
('03', 'MADRE DE DIOS', '02', '16', 1),
('03', 'CHOJATA', '02', '17', 1),
('03', 'YLLARISQUIZGA', '02', '18', 1),
('03', 'LAGUNAS', '02', '19', 1),
('03', 'ARAPA', '02', '20', 1),
('03', 'SACANCHE', '02', '21', 1),
('03', 'CANOAS DE PUNTA SAL', '02', '23', 1),
('03', 'CURIMANA', '02', '25', 1),
('03', 'CUISPES', '03', '01', 1),
('03', 'CHIARA', '03', '03', 1),
('03', 'MARIANO NICOLAS VALCARCEL', '03', '04', 1),
('03', 'HUAMANGUILLA', '03', '05', 1),
('03', 'CHUMUCH', '03', '06', 1),
('03', 'HUAROCONDO', '03', '07', 1),
('03', 'CALLANMARCA', '03', '08', 1),
('03', 'EL INGENIO', '03', '10', 1),
('03', 'APATA', '03', '11', 1),
('03', 'CURS', '03', '12', 1),
('03', 'ILLIMO', '03', '13', 1),
('03', 'HUAMANTANGA', '03', '14', 1),
('03', 'TIGRE', '03', '15', 1),
('03', 'TAHUAMANU', '03', '16', 1),
('03', 'PACOCHA', '03', '17', 1),
('03', 'HUANCABAMBA', '03', '18', 1),
('03', 'HUARMACA', '03', '19', 1),
('03', 'AYAPATA', '03', '20', 1),
('03', 'BARRANQUITA', '03', '21', 1),
('03', 'ILABAYA', '03', '22', 1),
('03', 'PAPAYAL', '03', '23', 1),
('03', 'YURUA', '03', '25', 1),
('03', 'COCABAMBA', '04', '01', 1),
('03', 'AMASHCA', '04', '02', 1),
('03', 'HUAQUIRCA', '04', '03', 1),
('03', 'ATICO', '04', '04', 1),
('03', 'AYNA', '04', '05', 1),
('03', 'CHILETE', '04', '06', 1),
('03', 'LAMAY', '04', '07', 1),
('03', 'AURAHUA', '04', '08', 1),
('03', 'CHAVIN DE PARIARCA', '04', '09', 1),
('03', 'HUMAY', '04', '10', 1),
('03', 'ONDORES', '04', '11', 1),
('03', 'CHARAT', '04', '12', 1),
('03', 'CERRO AZUL', '04', '14', 1),
('03', 'CAPELO', '04', '15', 1),
('03', 'CHALACO', '04', '19', 1),
('03', 'HUACULLANI', '04', '20', 1),
('03', 'HUICUN', '04', '21', 1),
('03', 'CURIBAYA', '04', '22', 1),
('03', 'CHIRIMOTO', '05', '01', 1),
('03', 'COMANDANTE NOEL', '05', '02', 1),
('03', 'COTABAMBAS', '05', '03', 1),
('03', 'AYO', '05', '04', 1),
('03', 'CABANA', '05', '05', 1),
('03', 'CUJILLO', '05', '06', 1),
('03', 'KUNTURKANKI', '05', '07', 1),
('03', 'ACRAQUIA', '05', '08', 1),
('03', 'RIO GRANDE', '05', '10', 1),
('03', 'HUARICOLCA', '05', '11', 1),
('03', 'GUADALUPE', '05', '12', 1),
('03', 'PADRE MARQUEZ', '05', '15', 1),
('03', 'ARENAL', '05', '19', 1),
('03', 'YORONS', '05', '21', 1),
('03', 'EL CENEPA', '06', '01', 1),
('03', 'BAMBAS', '06', '02', 1),
('03', 'HUAILLATI', '06', '03', 1),
('03', 'CAYARANI', '06', '04', 1),
('03', 'COCHABAMBA', '06', '06', 1),
('03', 'CHECACUPE', '06', '07', 1),
('03', 'HUAYACUNDO ARMA', '06', '08', 1),
('03', 'HERMILIO VALDIZAN', '06', '09', 1),
('03', 'HUAY HUAY', '06', '11', 1),
('03', 'CHILLIA', '06', '12', 1),
('03', 'CALLAHUANCA', '06', '14', 1),
('03', 'YAVARI', '06', '15', 1),
('03', 'LANCONES', '06', '19', 1),
('03', 'CALAPUJA', '06', '20', 1),
('03', 'CUMBA', '07', '01', 1),
('03', 'HUATA', '07', '02', 1),
('03', 'OCOBAMBA', '07', '03', 1),
('03', 'DEAN VALDIVIA', '07', '04', 1),
('03', 'APON', '07', '05', 1),
('03', 'HUALGAYOC', '07', '06', 1),
('03', 'COLQUEMARCA', '07', '07', 1),
('03', 'CHINCHIHUASI', '07', '08', 1),
('03', 'LLAYLLA', '07', '11', 1),
('03', 'MOLLEBAMBA', '07', '12', 1),
('03', 'ALLAUCA', '07', '14', 1),
('03', 'CAHUAPANAS', '07', '15', 1),
('03', 'LA BREA', '07', '19', 1),
('03', 'CUPI', '07', '20', 1),
('03', 'SAN PABLO', '07', '21', 1),
('03', 'CHAVIN DE HUANTAR', '08', '02', 1),
('03', 'CHARCANA', '08', '04', 1),
('03', 'SANTIA DE LUCANAMARCA', '08', '05', 1),
('03', 'COLASAY', '08', '06', 1),
('03', 'COPORAQUE', '08', '07', 1),
('03', 'CODO DEL POZUZO', '08', '09', 1),
('03', 'VITOC', '08', '11', 1),
('03', 'CHOCOPE', '08', '12', 1),
('03', 'ATAVILLOS BAJO', '08', '14', 1),
('03', 'BERNAL', '08', '19', 1),
('03', 'CUYOCUYO', '08', '20', 1),
('03', 'POLVORA', '08', '21', 1),
('03', 'LUCMA', '09', '02', 1),
('03', 'ACCOMARCA', '09', '05', 1),
('03', 'CHANCAYBAÑOS', '09', '06', 1),
('03', 'HUAYOPATA', '09', '07', 1),
('03', 'CANCHABAMBA', '09', '09', 1),
('03', 'CHONS BAJO', '09', '11', 1),
('03', 'PUEBLO NUEVO', '09', '12', 1),
('03', 'PATIVILCA', '09', '14', 1),
('03', 'CABANILLAS', '09', '20', 1),
('03', 'CASPIZAPA', '09', '21', 1),
('03', 'CONCHUCOS', '10', '02', 1),
('03', 'CORCULLA', '10', '05', 1),
('03', 'LA FLORIDA', '10', '06', 1),
('03', 'CCAPI', '10', '07', 1),
('03', 'SAN FRANCISCO DE ASIS', '10', '09', 1),
('03', 'CALAMARCA', '10', '12', 1),
('03', 'CAUJUL', '10', '14', 1),
('03', 'ANAPIA', '10', '20', 1),
('03', 'SHATOJA', '10', '21', 1),
('03', 'PAROBAMBA', '11', '02', 1),
('03', 'CHALCOS', '11', '05', 1),
('03', 'HUARAN', '11', '06', 1),
('03', 'COLQUEPATA', '11', '07', 1),
('03', 'CAHUAC', '11', '09', 1),
('03', 'MARMOT', '11', '12', 1),
('03', 'QUILCAPUNCU', '11', '20', 1),
('03', 'HUAYLLAPAMPA', '12', '02', 1),
('03', 'GRERIO PITA', '12', '06', 1),
('03', 'CAMANTI', '12', '07', 1),
('03', 'GUADALUPITO', '12', '12', 1),
('03', 'SANTA ROSA', '12', '20', 1),
('03', 'MACATE', '13', '02', 1),
('03', 'SAN LUIS', '13', '06', 1),
('03', 'HUAYLLABAMBA', '13', '07', 1),
('03', 'TILALI', '13', '20', 1),
('03', 'CHINGALPO', '14', '02', 1),
('03', 'MANCOS', '15', '02', 1),
('03', 'CHACCHO', '16', '02', 1),
('03', 'SAN NICOLAS', '17', '02', 1),
('03', 'HUAYAN', '19', '02', 1),
('03', 'CARHUAPAMPA', '20', '02', 1),
('04', 'CHETO', '01', '01', 1),
('04', 'COLCABAMBA', '01', '02', 1),
('04', 'CHACOCHE', '01', '03', 1),
('04', 'CHARACATO', '01', '04', 1),
('04', 'CHIARA', '01', '05', 1),
('04', 'CHETILLA', '01', '06', 1),
('04', 'SAN JERONIMO', '01', '07', 1),
('04', 'CONAYCA', '01', '08', 1),
('04', 'MARS', '01', '09', 1),
('04', 'PARCONA', '01', '10', 1),
('04', 'COLCA', '01', '11', 1),
('04', 'MOCHE', '01', '12', 1),
('04', 'ETEN PUERTO', '01', '13', 1),
('04', 'BREÑA', '01', '14', 1),
('04', 'LAS AMAZONAS', '01', '15', 1),
('04', 'LABERINTO', '01', '16', 1),
('04', 'SAN CRISTOBAL', '01', '17', 1),
('04', 'HUARIACA', '01', '18', 1),
('04', 'CATACAOS', '01', '19', 1),
('04', 'CAPACHICA', '01', '20', 1),
('04', 'JEPELACIO', '01', '21', 1),
('04', 'INCLAN', '01', '22', 1),
('04', 'PAMPAS DE HOSPITAL', '01', '23', 1),
('04', 'CAMPOVERDE', '01', '25', 1),
('04', 'EL PARCO', '02', '01', 1),
('04', 'COLCABAMBA', '02', '03', 1),
('04', 'CAYLLOMA', '02', '04', 1),
('04', 'CHUSCHI', '02', '05', 1),
('04', 'POMACANCHI', '02', '07', 1),
('04', 'CAJA', '02', '08', 1),
('04', 'CONCHAMARCA', '02', '09', 1),
('04', 'EL CARMEN', '02', '10', 1),
('04', 'COMAS', '02', '11', 1),
('04', 'LONTEA', '02', '12', 1),
('04', 'PITIPO', '02', '13', 1),
('04', 'HUEPETUHE', '02', '16', 1),
('04', 'ICHUÑA', '02', '17', 1),
('04', 'PAUCAR', '02', '18', 1),
('04', 'MONTERO', '02', '19', 1),
('04', 'ASILLO', '02', '20', 1),
('04', 'TIN DE SAPOSOA', '02', '21', 1),
('04', 'CHISQUILLA', '03', '01', 1),
('04', 'AQUIA', '03', '02', 1),
('04', 'HUANCARAMA', '03', '03', 1),
('04', 'MARISCAL CACERES', '03', '04', 1),
('04', 'IGUAIN', '03', '05', 1),
('04', 'HUASMIN', '03', '06', 1),
('04', 'LIMATAMBO', '03', '07', 1),
('04', 'CONGALLA', '03', '08', 1),
('04', 'MARCONA', '03', '10', 1),
('04', 'ATAURA', '03', '11', 1),
('04', 'CHUGAY', '03', '12', 1),
('04', 'JAYANCA', '03', '13', 1),
('04', 'HUAROS', '03', '14', 1),
('04', 'URARINAS', '03', '15', 1),
('04', 'PUERTO BERMUDEZ', '03', '18', 1),
('04', 'SONDOR', '03', '19', 1),
('04', 'COASA', '03', '20', 1),
('04', 'CAYNARACHI', '03', '21', 1),
('04', 'AGUAS VERDES', '03', '23', 1),
('04', 'SEPAHUA', '03', '25', 1),
('04', 'COLCAMAR', '04', '01', 1),
('04', 'ANTA', '04', '02', 1),
('04', 'JUAN ESPINOZA MEDRANO', '04', '03', 1),
('04', 'ATIQUIPA', '04', '04', 1),
('04', 'CHILCAS', '04', '05', 1),
('04', 'GUZMAN', '04', '06', 1),
('04', 'LARES', '04', '07', 1),
('04', 'JACAS GRANDE', '04', '09', 1),
('04', 'INDEPENDENCIA', '04', '10', 1),
('04', 'ULCUMAYO', '04', '11', 1),
('04', 'HUARANCHAL', '04', '12', 1),
('04', 'COAYLLO', '04', '14', 1),
('04', 'EMILIO SAN MARTIN', '04', '15', 1),
('04', 'MORROPON', '04', '19', 1),
('04', 'PACHIZA', '04', '21', 1),
('04', 'HUANUARA', '04', '22', 1),
('04', 'HUAMBO', '05', '01', 1),
('04', 'HAQUIRA', '05', '03', 1),
('04', 'CHACHAS', '05', '04', 1),
('04', 'CARMEN SALCEDO', '05', '05', 1),
('04', 'CHOROS', '05', '06', 1),
('04', 'LANGUI', '05', '07', 1),
('04', 'AHUAYCHA', '05', '08', 1),
('04', 'SANTA CRUZ', '05', '10', 1),
('04', 'HUASAHUASI', '05', '11', 1),
('04', 'JEQUETEPEQUE', '05', '12', 1),
('04', 'CALETA DE CARQUIN', '05', '14', 1),
('04', 'PAMPA HERMOSA', '05', '15', 1),
('04', 'LA HUACA', '05', '19', 1),
('04', 'INCHUPALLA', '05', '20', 1),
('04', 'YURACYACU', '05', '21', 1),
('04', 'CUSCA', '06', '02', 1),
('04', 'MAMARA', '06', '03', 1),
('04', 'CHICHAS', '06', '04', 1),
('04', 'CORONEL CASTAÑEDA', '06', '05', 1),
('04', 'CONCHAN', '06', '06', 1),
('04', 'MARANGANI', '06', '07', 1),
('04', 'HUAYTARA', '06', '08', 1),
('04', 'LUYANDO', '06', '09', 1),
('04', 'MARCAPOMACOCHA', '06', '11', 1),
('04', 'HUAYLILLAS', '06', '12', 1),
('04', 'CARAMPOMA', '06', '14', 1),
('04', 'SAN PABLO', '06', '15', 1),
('04', 'MARCAVELICA', '06', '19', 1),
('04', 'NICASIO', '06', '20', 1),
('04', 'CACATACHI', '06', '21', 1),
('04', 'EL MILAGRO', '07', '01', 1),
('04', 'HUAYLAS', '07', '02', 1),
('04', 'COCHARCAS', '07', '03', 1),
('04', 'ISLAY', '07', '04', 1),
('04', 'CANARIA', '07', '05', 1),
('04', 'CHAMACA', '07', '07', 1),
('04', 'EL CARMEN', '07', '08', 1),
('04', 'MOLINO', '07', '09', 1),
('04', 'MAZAMARI', '07', '11', 1),
('04', 'MOLLEPATA', '07', '12', 1),
('04', 'AYAVIRI', '07', '14', 1),
('04', 'MANSERICHE', '07', '15', 1),
('04', 'LOBITOS', '07', '19', 1),
('04', 'LLALLI', '07', '20', 1),
('04', 'ALTO BIAVO', '07', '21', 1),
('04', 'HUACACHI', '08', '02', 1),
('04', 'HUAYNACOTAS', '08', '04', 1),
('04', 'CARAPO', '08', '05', 1),
('04', 'CHONTALI', '08', '06', 1),
('04', 'OCORURO', '08', '07', 1),
('04', 'TOURNAVISTA', '08', '09', 1),
('04', 'SAN LUIS DE SHUARO', '08', '11', 1),
('04', 'SANTIA DE CAO', '08', '12', 1),
('04', 'AUCALLAMA', '08', '14', 1),
('04', 'BELLAVISTA DE LA UNION', '08', '19', 1),
('04', 'LIMBANI', '08', '20', 1),
('04', 'SHUNTE', '08', '21', 1),
('04', 'FIDEL OLIVAS ESCUDERO', '09', '02', 1),
('04', 'CARHUANCA', '09', '05', 1),
('04', 'LA ESPERANZA', '09', '06', 1),
('04', 'MARANURA', '09', '07', 1),
('04', 'COCHABAMBA', '09', '09', 1),
('04', 'HUACHAC', '09', '11', 1),
('04', 'SUPE', '09', '14', 1),
('04', 'CARACOTO', '09', '20', 1),
('04', 'PILLUANA', '09', '21', 1),
('04', 'HUACASCHUQUE', '10', '02', 1),
('04', 'LAMPA', '10', '05', 1),
('04', 'LLAPA', '10', '06', 1),
('04', 'COLCHA', '10', '07', 1),
('04', 'QUEROPALCA', '10', '09', 1),
('04', 'HUASO', '10', '12', 1),
('04', 'ANDAJES', '10', '14', 1),
('04', 'COPANI', '10', '20', 1),
('04', 'SAN MARTIN', '10', '21', 1),
('04', 'QUINUABAMBA', '11', '02', 1),
('04', 'SAN SALVADOR DE QUIJE', '11', '05', 1),
('04', 'NAMBALLE', '11', '06', 1),
('04', 'CHALLABAMBA', '11', '07', 1),
('04', 'CHACABAMBA', '11', '09', 1),
('04', 'SAYAPULLO', '11', '12', 1),
('04', 'ANANEA', '11', '20', 1),
('04', 'MARCA', '12', '02', 1),
('04', 'JOSE MANUEL QUIROZ', '12', '06', 1),
('04', 'CCARHUAYO', '12', '07', 1),
('04', 'CAPASO', '12', '20', 1),
('04', 'MORO', '13', '02', 1),
('04', 'TUMBADEN', '13', '06', 1),
('04', 'MACHUPICCHU', '13', '07', 1),
('04', 'HUAYRAPATA', '13', '20', 1),
('04', 'HUAYLLABAMBA', '14', '02', 1),
('04', 'MATACOTO', '15', '02', 1),
('04', 'CHINGAS', '16', '02', 1),
('04', 'MALVAS', '19', '02', 1),
('04', 'COCHAS', '20', '02', 1),
('05', 'CHILIQUIN', '01', '01', 1),
('05', 'HUANCHAY', '01', '02', 1),
('05', 'HUANIPACA', '01', '03', 1),
('05', 'CHIGUATA', '01', '04', 1),
('05', 'QUINUA', '01', '05', 1),
('05', 'ENCAÑADA', '01', '06', 1),
('05', 'SAN SEBASTIAN', '01', '07', 1),
('05', 'CUENCA', '01', '08', 1),
('05', 'QUISQUI', '01', '09', 1),
('05', 'PUEBLO NUEVO', '01', '10', 1),
('05', 'CULLHUAS', '01', '11', 1),
('05', 'SALAVERRY', '01', '12', 1),
('05', 'LAGUNAS', '01', '13', 1),
('05', 'CARABAYLLO', '01', '14', 1),
('05', 'MAZAN', '01', '15', 1),
('05', 'TORATA', '01', '17', 1),
('05', 'HUAYLLAY', '01', '18', 1),
('05', 'LA ARENA', '01', '19', 1),
('05', 'COATA', '01', '20', 1),
('05', 'SORITOR', '01', '21', 1),
('05', 'SAN JACINTO', '01', '23', 1),
('05', 'IPARIA', '01', '25', 1),
('05', 'BAGUA', '02', '01', 1),
('05', 'HUACLLAN', '02', '02', 1),
('05', 'COTARUSE', '02', '03', 1),
('05', 'CALLALLI', '02', '04', 1),
('05', 'SITACOCHA', '02', '06', 1),
('05', 'RONDOCAN', '02', '07', 1),
('05', 'MARCAS', '02', '08', 1),
('05', 'HUACAR', '02', '09', 1),
('05', 'GROCIO PRADO', '02', '10', 1),
('05', 'COCHAS', '02', '11', 1),
('05', 'UCUNCHA', '02', '12', 1),
('05', 'PUEBLO NUEVO', '02', '13', 1),
('05', 'COPA', '02', '14', 1),
('05', 'JEBEROS', '02', '15', 1),
('05', 'LA CAPILLA', '02', '17', 1),
('05', 'SAN PEDRO DE PILLAO', '02', '18', 1),
('05', 'PACAIPAMPA', '02', '19', 1),
('05', 'CAMINACA', '02', '20', 1),
('05', 'ALTO SAPOSOA', '02', '21', 1),
('05', 'HEROES ALBARRACIN', '02', '22', 1),
('05', 'CHURUJA', '03', '01', 1),
('05', 'CAJACAY', '03', '02', 1),
('05', 'HUANCARAY', '03', '03', 1),
('05', 'NICOLAS DE PIEROLA', '03', '04', 1),
('05', 'LURICOCHA', '03', '05', 1),
('05', 'JORGE CHAVEZ', '03', '06', 1),
('05', 'MOLLEPATA', '03', '07', 1),
('05', 'CHINCHO', '03', '08', 1),
('05', 'VISTA ALEGRE', '03', '10', 1),
('05', 'CANCHAYLLO', '03', '11', 1),
('05', 'MARCABAL', '03', '12', 1),
('05', 'MOCHUMI', '03', '13', 1),
('05', 'LACHAQUI', '03', '14', 1),
('05', 'TROMPETEROS', '03', '15', 1),
('05', 'VILLA RICA', '03', '18', 1),
('05', 'SONDORILLO', '03', '19', 1),
('05', 'CORANI', '03', '20', 1),
('05', 'CUÑUMBUQUI', '03', '21', 1),
('05', 'CONILA', '04', '01', 1),
('05', 'ATAQUERO', '04', '02', 1),
('05', 'OROPESA', '04', '03', 1),
('05', 'BELLA UNION', '04', '04', 1),
('05', 'CHUNGUI', '04', '05', 1),
('05', 'SAN BENITO', '04', '06', 1),
('05', 'PISAC', '04', '07', 1),
('05', 'CAPILLAS', '04', '08', 1),
('05', 'JIRCAN', '04', '09', 1),
('05', 'PARACAS', '04', '10', 1),
('05', 'LA CUESTA', '04', '12', 1),
('05', 'CHILCA', '04', '14', 1),
('05', 'MAQUIA', '04', '15', 1),
('05', 'SALITRAL', '04', '19', 1),
('05', 'PAJARILLO', '04', '21', 1),
('05', 'QUILAHUANI', '04', '22', 1),
('05', 'LIMABAMBA', '05', '01', 1),
('05', 'YAUTAN', '05', '02', 1),
('05', 'MARA', '05', '03', 1),
('05', 'CHILCAYMARCA', '05', '04', 1),
('05', 'LA RAMADA', '05', '06', 1),
('05', 'LAYO', '05', '07', 1),
('05', 'SAN BUENAVENTURA', '05', '09', 1),
('05', 'TIBILLO', '05', '10', 1),
('05', 'LA UNION', '05', '11', 1),
('05', 'CHECRAS', '05', '14', 1),
('05', 'SARAYACU', '05', '15', 1),
('05', 'COLAN', '05', '19', 1),
('05', 'NUEVA CAJAMARCA', '05', '21', 1),
('05', 'LA PAMPA', '06', '02', 1),
('05', 'MARISCAL GAMARRA', '06', '03', 1),
('05', 'IRAY', '06', '04', 1),
('05', 'CHUMPI', '06', '05', 1),
('05', 'CHADIN', '06', '06', 1),
('05', 'PITUMARCA', '06', '07', 1),
('05', 'LARAMARCA', '06', '08', 1),
('05', 'MARIANO DAMASO BERAUN', '06', '09', 1),
('05', 'MOROCOCHA', '06', '11', 1),
('05', 'HUANCASPATA', '06', '12', 1),
('05', 'CASTA', '06', '14', 1),
('05', 'MIGUEL CHECA', '06', '19', 1),
('05', 'OCUVIRI', '06', '20', 1),
('05', 'JAMALCA', '07', '01', 1),
('05', 'MATO', '07', '02', 1),
('05', 'ANCO HUALLO', '07', '03', 1),
('05', 'MEJIA', '07', '04', 1),
('05', 'LIVITACA', '07', '07', 1),
('05', 'LA MERCED', '07', '08', 1),
('05', 'PAMPA HERMOSA', '07', '11', 1),
('05', 'QUIRUVILCA', '07', '12', 1),
('05', 'AZANGARO', '07', '14', 1),
('05', 'MORONA', '07', '15', 1),
('05', 'MANCORA', '07', '19', 1),
('05', 'MACARI', '07', '20', 1),
('05', 'HUALLAGA', '07', '21', 1),
('05', 'HUACHIS', '08', '02', 1),
('05', 'PAMPAMARCA', '08', '04', 1),
('05', 'POMAHUACA', '08', '06', 1),
('05', 'PALLPATA', '08', '07', 1),
('05', 'YUYAPICHIS', '08', '09', 1),
('05', 'PICHANAQUI', '08', '11', 1),
('05', 'MAGDALENA DE CAO', '08', '12', 1),
('05', 'CHANCAY', '08', '14', 1),
('05', 'CRISTO NOS VALGA', '08', '19', 1),
('05', 'PHARA', '08', '20', 1),
('05', 'UCHIZA', '08', '21', 1),
('05', 'LLAMA', '09', '02', 1),
('05', 'CONCEPCION', '09', '05', 1),
('05', 'NINABAMBA', '09', '06', 1),
('05', 'OCOBAMBA', '09', '07', 1),
('05', 'HUAMANCACA CHICO', '09', '11', 1),
('05', 'SUPE PUERTO', '09', '14', 1),
('05', 'PUCACACA', '09', '21', 1),
('05', 'HUANDOVAL', '10', '02', 1),
('05', 'MARCABAMBA', '10', '05', 1),
('05', 'NANCHOC', '10', '06', 1),
('05', 'HUANOQUITE', '10', '07', 1),
('05', 'SAN MIGUEL DE CAURI', '10', '09', 1),
('05', 'PACHANGARA', '10', '14', 1),
('05', 'CUTURAPI', '10', '20', 1),
('05', 'SANTA ROSA', '10', '21', 1),
('05', 'PAICO', '11', '05', 1),
('05', 'LA COIPA', '11', '06', 1),
('05', 'KOSÑIPATA', '11', '07', 1),
('05', 'JACAS CHICO', '11', '09', 1),
('05', 'SINA', '11', '20', 1),
('05', 'PAMPAS CHICO', '12', '02', 1),
('05', 'EDUARDO VILLANUEVA', '12', '06', 1),
('05', 'CCATCA', '12', '07', 1),
('05', 'CONDURIRI', '12', '20', 1),
('05', 'NEPEÑA', '13', '02', 1),
('05', 'MARAS', '13', '07', 1),
('05', 'QUICHES', '14', '02', 1),
('05', 'QUILLO', '15', '02', 1),
('05', 'MIRGAS', '16', '02', 1),
('05', 'CULEBRAS', '19', '02', 1),
('05', 'CONGAS', '20', '02', 1),
('06', 'CHUQUIBAMBA', '01', '01', 1),
('06', 'JANGAS', '01', '02', 1),
('06', 'LAMBRAMA', '01', '03', 1),
('06', 'LA JOYA', '01', '04', 1),
('06', 'SAN JOSE DE TICLLAS', '01', '05', 1),
('06', 'JESUS', '01', '06', 1),
('06', 'SANTIA', '01', '07', 1),
('06', 'HUACHOCOLPA', '01', '08', 1),
('06', 'SAN FRANCISCO DE CAYRAN', '01', '09', 1),
('06', 'SALAS', '01', '10', 1),
('06', 'CHACAPAMPA', '01', '11', 1),
('06', 'SIMBAL', '01', '12', 1),
('06', 'MONSEFU', '01', '13', 1),
('06', 'COMAS', '01', '14', 1),
('06', 'NAPO', '01', '15', 1),
('06', 'SAMEGUA', '01', '17', 1),
('06', 'NINACACA', '01', '18', 1),
('06', 'LA UNION', '01', '19', 1),
('06', 'CHUCUITO', '01', '20', 1),
('06', 'YANTALO', '01', '21', 1),
('06', 'SAN JUAN DE LA VIRGEN', '01', '23', 1),
('06', 'NUEVA REQUENA', '01', '25', 1),
('06', 'IMAZA', '02', '01', 1),
('06', 'LA MERCED', '02', '02', 1),
('06', 'CHAPIMARCA', '02', '03', 1),
('06', 'COPORAQUE', '02', '04', 1),
('06', 'LOS MOROCHUCOS', '02', '05', 1),
('06', 'SANGARARA', '02', '07', 1),
('06', 'PAUCARA', '02', '08', 1),
('06', 'SAN FRANCISCO', '02', '09', 1),
('06', 'SAN PEDRO DE HUACARPANA', '02', '10', 1),
('06', 'CHAMBARA', '02', '11', 1),
('06', 'UCHUMARCA', '02', '12', 1),
('06', 'MANUEL ANTONIO MESONES MURO', '02', '13', 1),
('06', 'RR', '02', '14', 1),
('06', 'LAGUNAS', '02', '15', 1),
('06', 'LLOQUE', '02', '17', 1),
('06', 'SANTA ANA DE TUSI', '02', '18', 1),
('06', 'SAPILLICA', '02', '19', 1),
('06', 'CHUPA', '02', '20', 1),
('06', 'EL ESLABON', '02', '21', 1),
('06', 'ESTIQUE', '02', '22', 1),
('06', 'FLORIDA', '03', '01', 1),
('06', 'KISHUARA', '03', '03', 1),
('06', 'OCOÑA', '03', '04', 1),
('06', 'JOSE GALVEZ', '03', '06', 1),
('06', 'PUCYURA', '03', '07', 1),
('06', 'HUALLAY-GRANDE', '03', '08', 1),
('06', 'EL MANTARO', '03', '11', 1),
('06', 'SANARAN', '03', '12', 1),
('06', 'MORROPE', '03', '13', 1),
('06', 'SAN BUENAVENTURA', '03', '14', 1),
('06', 'POZUZO', '03', '18', 1),
('06', 'EL CARMEN DE LA FRONTERA', '03', '19', 1),
('06', 'CRUCERO', '03', '20', 1),
('06', 'PINTO RECODO', '03', '21', 1),
('06', 'INGUILPATA', '04', '01', 1),
('06', 'MARCARA', '04', '02', 1),
('06', 'PACHACONAS', '04', '03', 1),
('06', 'CAHUACHO', '04', '04', 1),
('06', 'TAMBO', '04', '05', 1),
('06', 'CUPISNIQUE', '04', '06', 1),
('06', 'SAN SALVADOR', '04', '07', 1),
('06', 'COCAS', '04', '08', 1),
('06', 'MIRAFLORES', '04', '09', 1),
('06', 'SAN ANDRES', '04', '10', 1),
('06', 'IMPERIAL', '04', '14', 1),
('06', 'PUINAHUA', '04', '15', 1),
('06', 'SANTA CATALINA DE MOSSA', '04', '19', 1),
('06', 'PISACOMA', '04', '20', 1),
('06', 'CAMILACA', '04', '22', 1),
('06', 'LONGAR', '05', '01', 1),
('06', 'CHALLHUAHUACHO', '05', '03', 1),
('06', 'CHOCO', '05', '04', 1),
('06', 'CHAVIÑA', '05', '05', 1),
('06', 'PIMPINS', '05', '06', 1),
('06', 'PAMPAMARCA', '05', '07', 1),
('06', 'COLCABAMBA', '05', '08', 1),
('06', 'PALCA', '05', '11', 1),
('06', 'PACASMAYO', '05', '12', 1),
('06', 'HUALMAY', '05', '14', 1),
('06', 'INAHUAYA', '05', '15', 1),
('06', 'TAMARINDO', '05', '19', 1),
('06', 'PUSI', '05', '20', 1),
('06', 'ELIAS SOPLIN VARGAS', '05', '21', 1),
('06', 'YANAC', '06', '02', 1),
('06', 'MICAELA BASTIDAS', '06', '03', 1),
('06', 'SALAMANCA', '06', '04', 1),
('06', 'CHIGUIRIP', '06', '06', 1),
('06', 'SAN PABLO', '06', '07', 1),
('06', 'OCOYO', '06', '08', 1),
('06', 'JOSE CRESPO Y CASTILLO', '06', '09', 1),
('06', 'PACCHA', '06', '11', 1),
('06', 'HUAYO', '06', '12', 1),
('06', 'SAN JOSE DE LOS CHORRILLOS', '06', '14', 1),
('06', 'QUERECOTILLO', '06', '19', 1),
('06', 'PALCA', '06', '20', 1),
('06', 'CHAZUTA', '06', '21', 1),
('06', 'LONYA GRANDE', '07', '01', 1),
('06', 'PAMPAROMAS', '07', '02', 1),
('06', 'HUACCANA', '07', '03', 1),
('06', 'PUNTA DE BOMBON', '07', '04', 1),
('06', 'CAYARA', '07', '05', 1),
('06', 'LLUSCO', '07', '07', 1),
('06', 'LOCROJA', '07', '08', 1),
('06', 'UMARI', '07', '09', 1),
('06', 'PANA', '07', '11', 1),
('06', 'SANTA CRUZ DE CHUCA', '07', '12', 1),
('06', 'CACRA', '07', '14', 1),
('06', 'PASTAZA', '07', '15', 1),
('06', 'LOS ORGANOS', '07', '19', 1),
('06', 'NUÑOA', '07', '20', 1),
('06', 'BAJO BIAVO', '07', '21', 1),
('06', 'HUACCHIS', '08', '02', 1),
('06', 'PUYCA', '08', '04', 1),
('06', 'PUCARA', '08', '06', 1),
('06', 'PICHIGUA', '08', '07', 1),
('06', 'PERENE', '08', '11', 1),
('06', 'PAIJAN', '08', '12', 1),
('06', 'IHUARI', '08', '14', 1),
('06', 'RINCONADA-LLICUAR', '08', '19', 1),
('06', 'PATAMBUCO', '08', '20', 1),
('06', 'LLUMPA', '09', '02', 1),
('06', 'HUAMBALPA', '09', '05', 1),
('06', 'PULAN', '09', '06', 1),
('06', 'SANTA TERESA', '09', '07', 1),
('06', 'SAN JUAN DE YSCOS', '09', '11', 1),
('06', 'SAN CRISTOBAL', '09', '21', 1),
('06', 'LACABAMBA', '10', '02', 1),
('06', 'OYOLO', '10', '05', 1),
('06', 'NIEPOS', '10', '06', 1),
('06', 'OMACHA', '10', '07', 1),
('06', 'RONDOS', '10', '09', 1),
('06', 'COCHAMARCA', '10', '14', 1),
('06', 'OLLARAYA', '10', '20', 1),
('06', 'SANTIA DE PAUCARAY', '11', '05', 1),
('06', 'SAN JOSE DE LOURDES', '11', '06', 1),
('06', 'HUANCARANI', '11', '07', 1),
('06', 'OBAS', '11', '09', 1),
('06', 'PARARIN', '12', '02', 1),
('06', 'JOSE SABOGAL', '12', '06', 1),
('06', 'CUSIPATA', '12', '07', 1),
('06', 'SAMANCO', '13', '02', 1),
('06', 'OLLANTAYTAMBO', '13', '07', 1),
('06', 'SICSIBAMBA', '14', '02', 1),
('06', 'RANRAHIRCA', '15', '02', 1),
('06', 'SAN JUAN DE RONTOY', '16', '02', 1),
('06', 'LLIPA', '20', '02', 1),
('07', 'GRANADA', '01', '01', 1),
('07', 'LA LIBERTAD', '01', '02', 1),
('07', 'PICHIRHUA', '01', '03', 1),
('07', 'MIRAFLORES', '01', '04', 1),
('07', 'SAN JUAN BAUTISTA', '01', '05', 1),
('07', 'LOS BAÑOS DEL INCA', '01', '06', 1),
('07', 'SAYLLA', '01', '07', 1),
('07', 'SAN PEDRO DE CHAULAN', '01', '09', 1),
('07', 'SAN JOSE DE LOS MOLINOS', '01', '10', 1),
('07', 'CHICCHE', '01', '11', 1),
('07', 'VICTOR LARCO HERRERA', '01', '12', 1),
('07', 'NUEVA ARICA', '01', '13', 1),
('07', 'CHACLACAYO', '01', '14', 1),
('07', 'PUTUMAYO', '01', '15', 1),
('07', 'PALLANCHACRA', '01', '18', 1),
('07', 'LAS LOMAS', '01', '19', 1),
('07', 'HUATA', '01', '20', 1),
('07', 'PACHIA', '01', '22', 1),
('07', 'MANANTAY', '01', '25', 1),
('07', 'HUAYLLO', '02', '03', 1),
('07', 'HUAMBO', '02', '04', 1),
('07', 'PARAS', '02', '05', 1),
('07', 'MOSOC LLACTA', '02', '07', 1),
('07', 'POMACOCHA', '02', '08', 1),
('07', 'SAN RAFAEL', '02', '09', 1),
('07', 'SUNAMPE', '02', '10', 1),
('07', 'HEROINAS TOLEDO', '02', '11', 1),
('07', 'HUANCAPON', '02', '14', 1),
('07', 'MATALAQUE', '02', '17', 1),
('07', 'TAPUC', '02', '18', 1),
('07', 'SICCHEZ', '02', '19', 1),
('07', 'JOSE DOMIN CHOQUEHUANCA', '02', '20', 1),
('07', 'ESTIQUE PAMPA', '02', '22', 1),
('07', 'RECTA', '03', '01', 1),
('07', 'PACOBAMBA', '03', '03', 1),
('07', 'QUILCA', '03', '04', 1),
('07', 'SANTILLANA', '03', '05', 1),
('07', 'MIGUEL IGLESIAS', '03', '06', 1),
('07', 'ZURITE', '03', '07', 1),
('07', 'HUANCA-HUANCA', '03', '08', 1),
('07', 'CHUQUIS', '03', '09', 1),
('07', 'HUAMALI', '03', '11', 1),
('07', 'SARIN', '03', '12', 1),
('07', 'MOTUPE', '03', '13', 1),
('07', 'SANTA ROSA DE QUIVES', '03', '14', 1),
('07', 'PALCAZU', '03', '18', 1),
('07', 'SAN MIGUEL DE EL FAIQUE', '03', '19', 1),
('07', 'ITUATA', '03', '20', 1),
('07', 'RUMISAPA', '03', '21', 1),
('07', 'LONGUITA', '04', '01', 1),
('07', 'PARIAHUANCA', '04', '02', 1),
('07', 'SABAINO', '04', '03', 1),
('07', 'CHALA', '04', '04', 1),
('07', 'LUIS CARRANZA', '04', '05', 1),
('07', 'TANTARICA', '04', '06', 1),
('07', 'TARAY', '04', '07', 1),
('07', 'MONZON', '04', '09', 1),
('07', 'SAN CLEMENTE', '04', '10', 1),
('07', 'LUNAHUANA', '04', '14', 1),
('07', 'SAQUENA', '04', '15', 1),
('07', 'SANTO DOMIN', '04', '19', 1),
('07', 'POMATA', '04', '20', 1),
('07', 'MILPUCC', '05', '01', 1),
('07', 'HUANCARQUI', '05', '04', 1),
('07', 'QUEROCOTILLO', '05', '06', 1),
('07', 'QUEHUE', '05', '07', 1),
('07', 'PALCAMAYO', '05', '11', 1),
('07', 'HUAURA', '05', '14', 1),
('07', 'VICHAYAL', '05', '19', 1),
('07', 'ROSASPATA', '05', '20', 1),
('07', 'SAN FERNANDO', '05', '21', 1),
('07', 'YUPAN', '06', '02', 1),
('07', 'PROGRESO', '06', '03', 1),
('07', 'YANAQUIHUA', '06', '04', 1),
('07', 'CHIMBAN', '06', '06', 1),
('07', 'SAN PEDRO', '06', '07', 1),
('07', 'PILPICHACA', '06', '08', 1),
('07', 'SANTA BARBARA DE CARHUACAYAN', '06', '11', 1),
('07', 'ONN', '06', '12', 1),
('07', 'CHICLA', '06', '14', 1),
('07', 'SALITRAL', '06', '19', 1),
('07', 'PARATIA', '06', '20', 1),
('07', 'CHIPURANA', '06', '21', 1),
('07', 'YAMON', '07', '01', 1),
('07', 'PUEBLO LIBRE', '07', '02', 1),
('07', 'URANMARCA', '07', '03', 1),
('07', 'COLCA', '07', '05', 1),
('07', 'QUIÑOTA', '07', '07', 1),
('07', 'PAUCARBAMBA', '07', '08', 1),
('07', 'RIO NEGRO', '07', '11', 1),
('07', 'SITABAMBA', '07', '12', 1),
('07', 'CARANIA', '07', '14', 1),
('07', 'ORURILLO', '07', '20', 1),
('07', 'HUANTAR', '08', '02', 1),
('07', 'QUECHUALLA', '08', '04', 1),
('07', 'SALLIQUE', '08', '06', 1),
('07', 'SUYCKUTAMBO', '08', '07', 1),
('07', 'RAZURI', '08', '12', 1),
('07', 'LAMPIAN', '08', '14', 1),
('07', 'QUIACA', '08', '20', 1),
('07', 'MUSGA', '09', '02', 1),
('07', 'SAURAMA', '09', '05', 1),
('07', 'SEXI', '09', '06', 1),
('07', 'VILCABAMBA', '09', '07', 1),
('07', 'SAN JUAN DE JARPA', '09', '11', 1),
('07', 'SAN HILARION', '09', '21', 1),
('07', 'LLAPO', '10', '02', 1),
('07', 'PARARCA', '10', '05', 1),
('07', 'SAN GRERIO', '10', '06', 1),
('07', 'YAURISQUE', '10', '07', 1),
('07', 'JIVIA', '10', '09', 1),
('07', 'TINICACHI', '10', '20', 1),
('07', 'SAN PEDRO DE LARCAY', '11', '05', 1),
('07', 'TABACONAS', '11', '06', 1),
('07', 'PAMPAMARCA', '11', '09', 1),
('07', 'TAPACOCHA', '12', '02', 1),
('07', 'CHANCAY', '12', '06', 1),
('07', 'HUARO', '12', '07', 1),
('07', 'SANTA', '13', '02', 1),
('07', 'YUCAY', '13', '07', 1),
('07', 'ACOBAMBA', '14', '02', 1),
('07', 'SHUPLUY', '15', '02', 1),
('07', 'OCROS', '20', '02', 1),
('08', 'HUANCAS', '01', '01', 1),
('08', 'OLLEROS', '01', '02', 1),
('08', 'SAN PEDRO DE CACHORA', '01', '03', 1),
('08', 'MOLLEBAYA', '01', '04', 1),
('08', 'SANTIA DE PISCHA', '01', '05', 1),
('08', 'LLACANORA', '01', '06', 1),
('08', 'WANCHAQ', '01', '07', 1),
('08', 'HUAYLLAHUARA', '01', '08', 1),
('08', 'SANTA MARIA DEL VALLE', '01', '09', 1),
('08', 'SAN JUAN BAUTISTA', '01', '10', 1),
('08', 'CHILCA', '01', '11', 1),
('08', 'OYOTUN', '01', '13', 1),
('08', 'CHORRILLOS', '01', '14', 1),
('08', 'TORRES CAUSANA', '01', '15', 1),
('08', 'PAUCARTAMBO', '01', '18', 1),
('08', 'MAÑAZO', '01', '20', 1),
('08', 'PALCA', '01', '22', 1),
('08', 'SUCCHA', '02', '02', 1),
('08', 'LUCRE', '02', '03', 1),
('08', 'HUANCA', '02', '04', 1),
('08', 'TOTOS', '02', '05', 1),
('08', 'ROSARIO', '02', '08', 1),
('08', 'TOMAY-KICHWA', '02', '09', 1),
('08', 'TAMBO DE MORA', '02', '10', 1),
('08', 'MANZANARES', '02', '11', 1),
('08', 'MANAS', '02', '14', 1),
('08', 'PUQUINA', '02', '17', 1),
('08', 'VILCABAMBA', '02', '18', 1),
('08', 'SUYO', '02', '19', 1),
('08', 'MUÑANI', '02', '20', 1),
('08', 'SAN CARLOS', '03', '01', 1),
('08', 'PAMPACHIRI', '03', '03', 1),
('08', 'SAMUEL PASTOR', '03', '04', 1),
('08', 'SIVIA', '03', '05', 1),
('08', 'OXAMARCA', '03', '06', 1),
('08', 'CACHIMAYO', '03', '07', 1),
('08', 'JULCAMARCA', '03', '08', 1),
('08', 'HUARIPAMPA', '03', '11', 1),
('08', 'SARTIMBAMBA', '03', '12', 1),
('08', 'OLMOS', '03', '13', 1),
('08', 'CONSTITUCION', '03', '18', 1),
('08', 'LALAQUIZ', '03', '19', 1),
('08', 'OLLACHEA', '03', '20', 1),
('08', 'LONYA CHICO', '04', '01', 1),
('08', 'SAN MIGUEL DE ACO', '04', '02', 1),
('08', 'CHAPARRA', '04', '04', 1),
('08', 'SANTA ROSA', '04', '05', 1),
('08', 'YONAN', '04', '06', 1),
('08', 'YANATILE', '04', '07', 1),
('08', 'CHUPAMARCA', '04', '08', 1),
('08', 'PUNCHAO', '04', '09', 1),
('08', 'TUPAC AMARU INCA', '04', '10', 1),
('08', 'PARANDAY', '04', '12', 1),
('08', 'MALA', '04', '14', 1),
('08', 'SOPLIN', '04', '15', 1),
('08', 'LA MATANZA', '04', '19', 1),
('08', 'MARISCAL BENAVIDES', '05', '01', 1),
('08', 'MACHAGUAY', '05', '04', 1),
('08', 'CHIPAO', '05', '05', 1),
('08', 'SAN ANDRES DE CUTERVO', '05', '06', 1),
('08', 'TUPAC AMARU', '05', '07', 1),
('08', 'SAN PEDRO DE CAJAS', '05', '11', 1),
('08', 'SAN JOSE', '05', '12', 1),
('08', 'LEONCIO PRADO', '05', '14', 1),
('08', 'TARACO', '05', '20', 1),
('08', 'PARDO MIGUEL', '05', '21', 1),
('08', 'PATAYPAMPA', '06', '03', 1),
('08', 'RIO GRANDE', '06', '04', 1),
('08', 'PACAPAUSA', '06', '05', 1),
('08', 'HUAMBOS', '06', '06', 1),
('08', 'TINTA', '06', '07', 1),
('08', 'QUERCO', '06', '08', 1),
('08', 'SUITUCANCHA', '06', '11', 1),
('08', 'PARCOY', '06', '12', 1),
('08', 'HUANZA', '06', '14', 1),
('08', 'IGNACIO ESCUDERO', '06', '19', 1),
('08', 'PUCARA', '06', '20', 1),
('08', 'EL PORVENIR', '06', '21', 1),
('08', 'SANTA CRUZ', '07', '02', 1),
('08', 'RANRACANCHA', '07', '03', 1),
('08', 'HUALLA', '07', '05', 1),
('08', 'VELILLE', '07', '07', 1),
('08', 'SAN MIGUEL DE MAYOCC', '07', '08', 1),
('08', 'RIO TAMBO', '07', '11', 1),
('08', 'ANGASMARCA', '07', '12', 1),
('08', 'COCHAS', '07', '14', 1),
('08', 'SANTA ROSA', '07', '20', 1),
('08', 'MASIN', '08', '02', 1),
('08', 'SAYLA', '08', '04', 1),
('08', 'SAN FELIPE', '08', '06', 1),
('08', 'ALTO PICHIGUA', '08', '07', 1),
('08', 'CASA GRANDE', '08', '12', 1),
('08', 'PACARAOS', '08', '14', 1),
('08', 'SAN JUAN DEL ORO', '08', '20', 1),
('08', 'ELEAZAR GUZMAN BARRON', '09', '02', 1),
('08', 'INDEPENDENCIA', '09', '05', 1),
('08', 'UTICYACU', '09', '06', 1),
('08', 'QUELLOUNO', '09', '07', 1),
('08', 'TRES DE DICIEMBRE', '09', '11', 1),
('08', 'TIN DE PONASA', '09', '21', 1),
('08', 'PALLASCA', '10', '02', 1),
('08', 'SAN JAVIER DE ALPABAMBA', '10', '05', 1),
('08', 'SAN SILVESTRE DE COCHAN', '10', '06', 1),
('08', 'PACCARITAMBO', '10', '07', 1),
('08', 'SORAS', '11', '05', 1),
('08', 'CHORAS', '11', '09', 1),
('08', 'TICAPAMPA', '12', '02', 1),
('08', 'LUCRE', '12', '07', 1),
('08', 'COISHCO', '13', '02', 1),
('08', 'CASHAPAMPA', '14', '02', 1),
('08', 'YANAMA', '15', '02', 1),
('08', 'SAN CRISTOBAL DE RAJAN', '20', '02', 1),
('09', 'LA JALCA', '01', '01', 1),
('09', 'PAMPAS GRANDE', '01', '02', 1),
('09', 'TAMBURCO', '01', '03', 1),
('09', 'PAUCARPATA', '01', '04', 1),
('09', 'VINCHOS', '01', '05', 1),
('09', 'MAGDALENA', '01', '06', 1),
('09', 'IZCUCHACA', '01', '08', 1),
('09', 'YARUMAYO', '01', '09', 1),
('09', 'SANTIA', '01', '10', 1),
('09', 'CHONS ALTO', '01', '11', 1),
('09', 'POROTO', '01', '12', 1),
('09', 'PICSI', '01', '13', 1),
('09', 'LA VICTORIA', '01', '14', 1),
('09', 'SAN FCO DE ASIS DE YARUSYACAN', '01', '18', 1),
('09', 'TAMBO GRANDE', '01', '19', 1),
('09', 'PAUCARCOLLA', '01', '20', 1),
('09', 'POCOLLAY', '01', '22', 1),
('09', 'POCOHUANCA', '02', '03', 1),
('09', 'ICHUPAMPA', '02', '04', 1),
('09', 'ALTO LARAN', '02', '10', 1),
('09', 'MARISCAL CASTILLA', '02', '11', 1),
('09', 'QUINISTAQUILLAS', '02', '17', 1),
('09', 'JILILI', '02', '19', 1),
('09', 'SHIPASBAMBA', '03', '01', 1),
('09', 'SAN ANTONIO DE CACHI', '03', '03', 1),
('09', 'LLOCHEGUA', '03', '05', 1),
('09', 'SOROCHUCO', '03', '06', 1),
('09', 'ANCAHUASI', '03', '07', 1),
('09', 'SAN ANTONIO DE ANTAPARCO', '03', '08', 1),
('09', 'HUERTAS', '03', '11', 1),
('09', 'PACORA', '03', '13', 1),
('09', 'SAN GABAN', '03', '20', 1),
('09', 'LUYA', '04', '01', 1),
('09', 'SHILLA', '04', '02', 1),
('09', 'HUANUHUANU', '04', '04', 1),
('09', 'SAMUGARI', '04', '05', 1),
('09', 'SANTA CRUZ DE TOLED', '04', '06', 1),
('09', 'HUACHOS', '04', '08', 1),
('09', 'PUÑOS', '04', '09', 1),
('09', 'SALPO', '04', '12', 1),
('09', 'NUEVO IMPERIAL', '04', '14', 1),
('09', 'TAPICHE', '04', '15', 1),
('09', 'YAMAN', '04', '19', 1),
('09', 'OMIA', '05', '01', 1),
('09', 'ORCOPAMPA', '05', '04', 1),
('09', 'SAN JUAN DE CUTERVO', '05', '06', 1),
('09', 'DANIEL HERNANDEZ', '05', '08', 1),
('09', 'TAPO', '05', '11', 1),
('09', 'PACCHO', '05', '14', 1),
('09', 'VILQUE CHICO', '05', '20', 1),
('09', 'AWAJUN', '05', '21', 1),
('09', 'SAN ANTONIO', '06', '03', 1),
('09', 'LAJAS', '06', '06', 1),
('09', 'QUITO ARMA', '06', '08', 1),
('09', 'YAULI', '06', '11', 1),
('09', 'PATAZ', '06', '12', 1),
('09', 'HUAROCHIRI', '06', '14', 1),
('09', 'SANTA LUCIA', '06', '20', 1),
('09', 'HUIMBAYOC', '06', '21', 1),
('09', 'YURACMARCA', '07', '02', 1),
('09', 'HUAMANQUIQUIA', '07', '05', 1),
('09', 'SAN PEDRO DE CORIS', '07', '08', 1),
('09', 'COLONIA', '07', '14', 1),
('09', 'UMACHIRI', '07', '20', 1),
('09', 'PAUCAS', '08', '02', 1),
('09', 'TAURIA', '08', '04', 1),
('09', 'SAN JOSE DEL ALTO', '08', '06', 1),
('09', 'SAN MIGUEL DE ACOS', '08', '14', 1),
('09', 'YAUYUCAN', '09', '06', 1),
('09', 'KIMBIRI', '09', '07', 1),
('09', 'YANACANCHA', '09', '11', 1),
('09', 'TRES UNIDOS', '09', '21', 1),
('09', 'PAMPAS', '10', '02', 1),
('09', 'SAN JOSE DE USHUA', '10', '05', 1),
('09', 'EL PRADO', '10', '06', 1),
('09', 'PILLPINTO', '10', '07', 1),
('09', 'HUACAÑA', '11', '05', 1),
('09', 'LLACLLIN', '12', '02', 1),
('09', 'MARCAPATA', '12', '07', 1),
('09', 'NUEVO CHIMBOTE', '13', '02', 1),
('09', 'RAGASH', '14', '02', 1),
('09', 'SAN PEDRO', '20', '02', 1),
('10', 'LEIMEBAMBA', '01', '01', 1),
('10', 'PARIACOTO', '01', '02', 1),
('10', 'POCSI', '01', '04', 1),
('10', 'TAMBILLO', '01', '05', 1),
('10', 'MATARA', '01', '06', 1),
('10', 'LARIA', '01', '08', 1),
('10', 'AMARILIS', '01', '09', 1),
('10', 'SUBTANJALLA', '01', '10', 1),
('10', 'EL PORVENIR', '01', '12', 1),
('10', 'PIMENTEL', '01', '13', 1),
('10', 'LA MOLINA', '01', '14', 1),
('10', 'INDIANA', '01', '15', 1),
('10', 'SIMON BOLIVAR', '01', '18', 1),
('10', 'PICHACANI', '01', '20', 1),
('10', 'SAMA', '01', '22', 1),
('10', 'SAÑAYCA', '02', '03', 1),
('10', 'LARI', '02', '04', 1),
('10', 'PUEBLO NUEVO', '02', '10', 1),
('10', 'MATAHUASI', '02', '11', 1),
('10', 'SANTA CRUZ', '02', '15', 1),
('10', 'UBINAS', '02', '17', 1),
('10', 'PAIMAS', '02', '19', 1),
('10', 'POTONI', '02', '20', 1),
('10', 'SITAJARA', '02', '22', 1),
('10', 'VALERA', '03', '01', 1),
('10', 'HUAYLLACAYAN', '03', '02', 1),
('10', 'SAN JERONIMO', '03', '03', 1),
('10', 'SUCRE', '03', '06', 1),
('10', 'SANTO TOMAS DE PATA', '03', '08', 1),
('10', 'JANJAILLO', '03', '11', 1),
('10', 'SALAS', '03', '13', 1),
('10', 'USICAYOS', '03', '20', 1),
('10', 'LUYA VIEJO', '04', '01', 1),
('10', 'TINCO', '04', '02', 1),
('10', 'JAQUI', '04', '04', 1),
('10', 'HUAMATAMBO', '04', '08', 1),
('10', 'SINGA', '04', '09', 1),
('10', 'SINSICAP', '04', '12', 1),
('10', 'PACARAN', '04', '14', 1),
('10', 'JENARO HERRERA', '04', '15', 1),
('10', 'SAN JUAN DE BITE', '04', '19', 1),
('10', 'ZEPITA', '04', '20', 1),
('10', 'SANTA ROSA', '05', '01', 1),
('10', 'PAMPACOLCA', '05', '04', 1),
('10', 'HUAC-HUAS', '05', '05', 1),
('10', 'SAN LUIS DE LUCMA', '05', '06', 1),
('10', 'TURPAY', '06', '03', 1),
('10', 'LLAMA', '06', '06', 1),
('10', 'SAN ANTONIO DE CUSICANCHA', '06', '08', 1),
('10', 'SANTA ROSA DE SACCO', '06', '11', 1),
('10', 'PIAS', '06', '12', 1),
('10', 'LAHUAYTAMBO', '06', '14', 1),
('10', 'VILAVILA', '06', '20', 1),
('10', 'JUAN GUERRA', '06', '21', 1),
('10', 'SANTO TORIBIO', '07', '02', 1),
('10', 'HUANCARAYLLA', '07', '05', 1),
('10', 'PACHAMARCA', '07', '08', 1),
('10', 'CHOCOS', '07', '14', 1),
('10', 'PONTO', '08', '02', 1),
('10', 'TOMEPAMPA', '08', '04', 1),
('10', 'SANTA ROSA', '08', '06', 1),
('10', 'VEINTISIETE DE NOVIEMBRE', '08', '14', 1),
('10', 'YANAHUAYA', '08', '20', 1),
('10', 'ANDABAMBA', '09', '06', 1),
('10', 'PICHARI', '09', '07', 1),
('10', 'SHAMBOYACU', '09', '21', 1),
('10', 'SANTA ROSA', '10', '02', 1),
('10', 'SARA SARA', '10', '05', 1),
('10', 'UNION AGUA BLANCA', '10', '06', 1),
('10', 'CHILCAYOC', '11', '05', 1),
('10', 'CATAC', '12', '02', 1),
('10', 'OCONGATE', '12', '07', 1),
('10', 'SAN JUAN', '14', '02', 1),
('10', 'SANTIA DE CHILCAS', '20', '02', 1),
('11', 'LEVANTO', '01', '01', 1),
('11', 'PIRA', '01', '02', 1),
('11', 'POLOBAYA', '01', '04', 1),
('11', 'ACOCRO', '01', '05', 1),
('11', 'NAMORA', '01', '06', 1),
('11', 'MANTA', '01', '08', 1),
('11', 'PILLCO MARCA', '01', '09', 1),
('11', 'YAUCA DEL ROSARIO', '01', '10', 1),
('11', 'LA ESPERANZA', '01', '12', 1),
('11', 'REQUE', '01', '13', 1),
('11', 'LINCE', '01', '14', 1),
('11', 'PUNCHANA', '01', '15', 1),
('11', 'TICLACAYAN', '01', '18', 1),
('11', 'SAN ANTONIO', '01', '20', 1),
('11', 'ALTO DE LA ALIANZA', '01', '22', 1),
('11', 'SORAYA', '02', '03', 1),
('11', 'LLUTA', '02', '04', 1),
('11', 'MARIA PARADO DE BELLIDO', '02', '05', 1),
('11', 'SAN JUAN DE YANAC', '02', '10', 1),
('11', 'MITO', '02', '11', 1),
('11', 'TENIENTE CESAR LOPEZ ROJAS', '02', '15', 1),
('11', 'YUNGA', '02', '17', 1),
('11', 'SUSAPAYA', '02', '22', 1),
('11', 'YAMBRASBAMBA', '03', '01', 1),
('11', 'HUASTA', '03', '02', 1),
('11', 'TALAVERA', '03', '03', 1),
('11', 'UTCO', '03', '06', 1),
('11', 'SECCLLA', '03', '08', 1),
('11', 'JULCAN', '03', '11', 1),
('11', 'SAN JOSE', '03', '13', 1),
('11', 'SHANAO', '03', '21', 1),
('11', 'MARIA', '04', '01', 1),
('11', 'YUNGAR', '04', '02', 1),
('11', 'LOMAS', '04', '04', 1),
('11', 'TANTAMAYO', '04', '09', 1),
('11', 'USQUIL', '04', '12', 1),
('11', 'QUILMANA', '04', '14', 1),
('11', 'YAQUERANA', '04', '15', 1),
('11', 'TOTORA', '05', '01', 1),
('11', 'TIPAN', '05', '04', 1),
('11', 'LARAMATE', '05', '05', 1),
('11', 'SANTA CRUZ', '05', '06', 1),
('11', 'HUACHOCOLPA', '05', '08', 1),
('11', 'SANTA LEONOR', '05', '14', 1),
('11', 'HUATASANI', '05', '20', 1),
('11', 'VILCABAMBA', '06', '03', 1),
('11', 'PULLO', '06', '05', 1),
('11', 'MIRACOSTA', '06', '06', 1),
('11', 'SAN FRANCISCO DE SANGAYAICO', '06', '08', 1),
('11', 'TAURIJA', '06', '12', 1),
('11', 'LANGA', '06', '14', 1),
('11', 'MORALES', '06', '21', 1);
INSERT INTO `distrito` (`iddistrito`, `dis_descripcion`, `idprovincia`, `iddepartamento`, `dis_activo`) VALUES
('11', 'COSME', '07', '08', 1),
('11', 'HUAMPARA', '07', '14', 1),
('11', 'RAHUAPAMPA', '08', '02', 1),
('11', 'TORO', '08', '04', 1),
('11', 'LAS PIRIAS', '08', '06', 1),
('11', 'SANTA CRUZ DE ANDAMARCA', '08', '14', 1),
('11', 'ALTO INAMBARI', '08', '20', 1),
('11', 'SAUCEPAMPA', '09', '06', 1),
('11', 'TAUCA', '10', '02', 1),
('11', 'TOND', '10', '06', 1),
('11', 'MORCOLLA', '11', '05', 1),
('11', 'OROPESA', '12', '07', 1),
('12', 'MAGDALENA', '01', '01', 1),
('12', 'TARICA', '01', '02', 1),
('12', 'QUEQUEÑA', '01', '04', 1),
('12', 'SOCOS', '01', '05', 1),
('12', 'SAN JUAN', '01', '06', 1),
('12', 'MARISCAL CACERES', '01', '08', 1),
('12', 'YACUS', '01', '09', 1),
('12', 'TATE', '01', '10', 1),
('12', 'CHUPURO', '01', '11', 1),
('12', 'FLORENCIA DE MORA', '01', '12', 1),
('12', 'JOSE LEONARDO ORTIZ', '01', '13', 1),
('12', 'LURIGANCHO', '01', '14', 1),
('12', 'BELEN', '01', '15', 1),
('12', 'TINYAHUARCO', '01', '18', 1),
('12', 'TIQUILLACA', '01', '20', 1),
('12', 'CIUDAD NUEVA', '01', '22', 1),
('12', 'TAPAIRIHUA', '02', '03', 1),
('12', 'MACA', '02', '04', 1),
('12', 'NUEVE DE JULIO', '02', '11', 1),
('12', 'SAMAN', '02', '20', 1),
('12', 'TARUCACHI', '02', '22', 1),
('12', 'JAZAN', '03', '01', 1),
('12', 'TURPO', '03', '03', 1),
('12', 'LA LIBERTAD DE PALLAN', '03', '06', 1),
('12', 'CCOCHACCASA', '03', '08', 1),
('12', 'MARIAS', '03', '09', 1),
('12', 'LEONOR ORDOÑEZ', '03', '11', 1),
('12', 'TUCUME', '03', '13', 1),
('12', 'OCALLI', '04', '01', 1),
('12', 'QUICACHA', '04', '04', 1),
('12', 'SAN ANTONIO', '04', '14', 1),
('12', 'KELLUYO', '04', '20', 1),
('12', 'VISTA ALEGRE', '05', '01', 1),
('12', 'URACA', '05', '04', 1),
('12', 'LEONCIO PRADO', '05', '05', 1),
('12', 'SANTO DOMIN DE LA CAPILLA', '05', '06', 1),
('12', 'HUARIBAMBA', '05', '08', 1),
('12', 'SANTA MARIA', '05', '14', 1),
('12', 'VIRUNDO', '06', '03', 1),
('12', 'PUYUSCA', '06', '05', 1),
('12', 'PACCHA', '06', '06', 1),
('12', 'SAN ISIDRO', '06', '08', 1),
('12', 'URPAY', '06', '12', 1),
('12', 'MARIATANA', '06', '14', 1),
('12', 'PAPAPLAYA', '06', '21', 1),
('12', 'HUANCAYA', '07', '14', 1),
('12', 'RAPAYAN', '08', '02', 1),
('12', 'HUABAL', '08', '06', 1),
('12', 'SUMBILCA', '08', '14', 1),
('12', 'SAN PEDRO DE PUTINA PUNCO', '08', '20', 1),
('12', 'CATILLUC', '10', '06', 1),
('12', 'QUIQUIJANA', '12', '07', 1),
('13', 'MARISCAL CASTILLA', '01', '01', 1),
('13', 'SABANDIA', '01', '04', 1),
('13', 'OCROS', '01', '05', 1),
('13', 'MOYA', '01', '08', 1),
('13', 'PACHACUTEC', '01', '10', 1),
('13', 'EL TAMBO', '01', '11', 1),
('13', 'SANTA ROSA', '01', '13', 1),
('13', 'LURIN', '01', '14', 1),
('13', 'SAN JUAN BAUTISTA', '01', '15', 1),
('13', 'VICCO', '01', '18', 1),
('13', 'CURA MORI', '01', '19', 1),
('13', 'VILQUE', '01', '20', 1),
('13', 'CORONEL GRERIO ALBARRACIN L.', '01', '22', 1),
('13', 'TINTAY', '02', '03', 1),
('13', 'MADRIGAL', '02', '04', 1),
('13', 'ORCOTUNA', '02', '11', 1),
('13', 'SAN ANTON', '02', '20', 1),
('13', 'TICACO', '02', '22', 1),
('13', 'MANGAS', '03', '02', 1),
('13', 'PACUCHA', '03', '03', 1),
('13', 'LLOCLLAPAMPA', '03', '11', 1),
('13', 'TABALOSOS', '03', '21', 1),
('13', 'OCUMAL', '04', '01', 1),
('13', 'YAUCA', '04', '04', 1),
('13', 'MACHE', '04', '12', 1),
('13', 'SAN LUIS', '04', '14', 1),
('13', 'UÑON', '05', '04', 1),
('13', 'LUCANAS', '05', '05', 1),
('13', 'SANTO TOMAS', '05', '06', 1),
('13', 'SAYAN', '05', '14', 1),
('13', 'SANTA ROSA', '06', '03', 1),
('13', 'PION', '06', '06', 1),
('13', 'SANTIA DE CHOCORVOS', '06', '08', 1),
('13', 'SANTIA DE CHALLAS', '06', '12', 1),
('13', 'RICARDO PALMA', '06', '14', 1),
('13', 'SARHUA', '07', '05', 1),
('13', 'HUANGASCAR', '07', '14', 1),
('13', 'SAN MARCOS', '08', '02', 1),
('13', 'BOLIVAR', '10', '06', 1),
('14', 'MOLINOPAMPA', '01', '01', 1),
('14', 'SACHACA', '01', '04', 1),
('14', 'PACAYCASA', '01', '05', 1),
('14', 'NUEVO OCCORO', '01', '08', 1),
('14', 'OCUCAJE', '01', '10', 1),
('14', 'HUACRAPUQUIO', '01', '11', 1),
('14', 'SAÑA', '01', '13', 1),
('14', 'MAGDALENA DEL MAR', '01', '14', 1),
('14', 'TENIENTE MANUEL CLAVERO', '01', '15', 1),
('14', 'YANACANCHA', '01', '18', 1),
('14', 'EL TALLAN', '01', '19', 1),
('14', 'PLATERIA', '01', '20', 1),
('14', 'TORAYA', '02', '03', 1),
('14', 'SAN ANTONIO DE CHUCA', '02', '04', 1),
('14', 'SANTA ROSA DE OCOPA', '02', '11', 1),
('14', 'SAN JOSE', '02', '20', 1),
('14', 'POMACOCHA', '03', '03', 1),
('14', 'PACHAS', '03', '09', 1),
('14', 'MARCO', '03', '11', 1),
('14', 'ZAPATERO', '03', '21', 1),
('14', 'PISUQUIA', '04', '01', 1),
('14', 'MOLLEPAMPA', '04', '08', 1),
('14', 'SANTA CRUZ DE FLORES', '04', '14', 1),
('14', 'VIRACO', '05', '04', 1),
('14', 'LLAUTA', '05', '05', 1),
('14', 'SOCOTA', '05', '06', 1),
('14', 'CURASCO', '06', '03', 1),
('14', 'QUEROCOTO', '06', '06', 1),
('14', 'SANTIA DE QUIRAHUARA', '06', '08', 1),
('14', 'SAN ANDRES DE TUPICOCHA', '06', '14', 1),
('14', 'VILCANCHOS', '07', '05', 1),
('14', 'HUANTAN', '07', '14', 1),
('14', 'SAN PEDRO DE CHANA', '08', '02', 1),
('15', 'MONTEVIDEO', '01', '01', 1),
('15', 'SAN JUAN DE SIGUAS', '01', '04', 1),
('15', 'JESUS NAZARENO', '01', '05', 1),
('15', 'PALCA', '01', '08', 1),
('15', 'LA VICTORIA', '01', '13', 1),
('15', 'MIRAFLORES', '01', '14', 1),
('15', 'VEINTISEIS DE OCTUBRE', '01', '19', 1),
('15', 'AMANTANI', '01', '20', 1),
('15', 'YANACA', '02', '03', 1),
('15', 'SIBAYO', '02', '04', 1),
('15', 'SAN JOSE DE QUERO', '02', '11', 1),
('15', 'SAN JUAN DE SALINAS', '02', '20', 1),
('15', 'PACLLON', '03', '02', 1),
('15', 'SANTA MARIA DE CHICMO', '03', '03', 1),
('15', 'MASMA', '03', '11', 1),
('15', 'ALONSO DE ALVARADO', '03', '21', 1),
('15', 'SAN CRISTOBAL', '04', '01', 1),
('15', 'ZUÑIGA', '04', '14', 1),
('15', 'TORIBIO CASANOVA', '05', '06', 1),
('15', 'ÑAHUIMPUQUIO', '05', '08', 1),
('15', 'SAN FRANCISCO DE RAVACAYCO', '06', '05', 1),
('15', 'TACABAMBA', '06', '06', 1),
('15', 'SANTO DOMIN DE CAPILLAS', '06', '08', 1),
('15', 'SAN ANTONIO', '06', '14', 1),
('15', 'ASQUIPATA', '07', '05', 1),
('15', 'HUAÑEC', '07', '14', 1),
('15', 'UCO', '08', '02', 1),
('16', 'OLLEROS', '01', '01', 1),
('16', 'SAN JUAN DE TARUCANI', '01', '04', 1),
('16', 'PILCHACA', '01', '08', 1),
('16', 'HUALHUAS', '01', '11', 1),
('16', 'CAYALTI', '01', '13', 1),
('16', 'PACHACAMAC', '01', '14', 1),
('16', 'SAN JUAN DE CHACÑA', '02', '03', 1),
('16', 'TAPAY', '02', '04', 1),
('16', 'SANTIA DE PUPUJA', '02', '20', 1),
('16', 'TUMAY HUARACA', '03', '03', 1),
('16', 'QUIVILLA', '03', '09', 1),
('16', 'MOLINOS', '03', '11', 1),
('16', 'SAN ROQUE DE CUMBAZA', '03', '21', 1),
('16', 'SAN FRANCISCO DE YESO', '04', '01', 1),
('16', 'ASIA', '04', '14', 1),
('16', 'OCAÑA', '05', '05', 1),
('16', 'VEGUETA', '05', '14', 1),
('16', 'UPAHUACHO', '06', '05', 1),
('16', 'TOCMOCHE', '06', '06', 1),
('16', 'TAMBO', '06', '08', 1),
('16', 'SAN BARTOLOME', '06', '14', 1),
('16', 'SAN ANTONIO', '06', '21', 1),
('16', 'LARAOS', '07', '14', 1),
('16', 'ANRA', '08', '02', 1),
('17', 'QUINJALCA', '01', '01', 1),
('17', 'SANTA ISABEL DE SIGUAS', '01', '04', 1),
('17', 'VILCA', '01', '08', 1),
('17', 'PATAPO', '01', '13', 1),
('17', 'PUEBLO LIBRE', '01', '14', 1),
('17', 'JUSTO APU SAHUARAURA', '02', '03', 1),
('17', 'TISCO', '02', '04', 1),
('17', 'TIRAPATA', '02', '20', 1),
('17', 'SAN MIGUEL DE CORPANQUI', '03', '02', 1),
('17', 'HUAYANA', '03', '03', 1),
('17', 'RIPAN', '03', '09', 1),
('17', 'MONOBAMBA', '03', '11', 1),
('17', 'SAN JERONIMO', '04', '01', 1),
('17', 'OTOCA', '05', '05', 1),
('17', 'PAZOS', '05', '08', 1),
('17', 'SAN JUAN DE LICUPIS', '06', '06', 1),
('17', 'SAN DAMIAN', '06', '14', 1),
('17', 'LINCHA', '07', '14', 1),
('18', 'SAN FRANCISCO DE DAGUAS', '01', '01', 1),
('18', 'SANTA RITA DE SIHUAS', '01', '04', 1),
('18', 'YAULI', '01', '08', 1),
('18', 'HUANCAN', '01', '11', 1),
('18', 'POMALCA', '01', '13', 1),
('18', 'PUCUSANA', '01', '14', 1),
('18', 'TUTI', '02', '04', 1),
('18', 'SAN MIGUEL DE CHACCRAMPA', '03', '03', 1),
('18', 'MUQUI', '03', '11', 1),
('18', 'SAN JUAN DE LOPECANCHA', '04', '01', 1),
('18', 'QUISHUAR', '05', '08', 1),
('18', 'CHOROPAMPA', '06', '06', 1),
('18', 'SANGALLAYA', '06', '14', 1),
('18', 'MIRAFLORES', '07', '14', 1),
('19', 'SAN ISIDRO DE MAINO', '01', '01', 1),
('19', 'SOCABAYA', '01', '04', 1),
('19', 'ASCENSION', '01', '08', 1),
('19', 'HUASICANCHA', '01', '11', 1),
('19', 'PUCALA', '01', '13', 1),
('19', 'PUENTE PIEDRA', '01', '14', 1),
('19', 'YANQUE', '02', '04', 1),
('19', 'KAQUIABAMBA', '03', '03', 1),
('19', 'MUQUIYAUYO', '03', '11', 1),
('19', 'SANTA CATALINA', '04', '01', 1),
('19', 'SALCABAMBA', '05', '08', 1),
('19', 'CHALAMARCA', '06', '06', 1),
('19', 'SAN JUAN DE TANTARANCHE', '06', '14', 1),
('19', 'SAUCE', '06', '21', 1),
('19', 'OMAS', '07', '14', 1),
('20', 'SOLOCO', '01', '01', 1),
('20', 'TIABAYA', '01', '04', 1),
('20', 'HUANDO', '01', '08', 1),
('20', 'HUAYUCACHI', '01', '11', 1),
('20', 'TUMAN', '01', '13', 1),
('20', 'PUNTA HERMOSA', '01', '14', 1),
('20', 'MAJES', '02', '04', 1),
('20', 'TICLLOS', '03', '02', 1),
('20', 'PACA', '03', '11', 1),
('20', 'SANTO TOMAS', '04', '01', 1),
('20', 'SANCOS', '05', '05', 1),
('20', 'SAN MARCOS DE ROCCHAC', '05', '08', 1),
('20', 'SAN LORENZO DE QUINTI', '06', '14', 1),
('20', 'SHAPAJA', '06', '21', 1),
('20', 'QUINCHES', '07', '14', 1),
('21', 'SONCHE', '01', '01', 1),
('21', 'UCHUMAYO', '01', '04', 1),
('21', 'INGENIO', '01', '11', 1),
('21', 'PUNTA NEGRA', '01', '14', 1),
('21', 'ANTONIO RAIMONDI', '03', '02', 1),
('21', 'SHUNQUI', '03', '09', 1),
('21', 'PACCHA', '03', '11', 1),
('21', 'TIN', '04', '01', 1),
('21', 'SAN JUAN', '05', '05', 1),
('21', 'SAN MATEO', '06', '14', 1),
('21', 'LA BANDA DE SHILCAYO', '06', '21', 1),
('21', 'QUINOCAY', '07', '14', 1),
('22', 'VITOR', '01', '04', 1),
('22', 'PARIAHUANCA', '01', '11', 1),
('22', 'RIMAC', '01', '14', 1),
('22', 'CANIS', '03', '02', 1),
('22', 'SILLAPATA', '03', '09', 1),
('22', 'PANCAN', '03', '11', 1),
('22', 'TRITA', '04', '01', 1),
('22', 'SAN JUAN', '04', '08', 1),
('22', 'SAN PEDRO', '05', '05', 1),
('22', 'SAN MATEO DE OTAO', '06', '14', 1),
('22', 'SAN JOAQUIN', '07', '14', 1),
('23', 'YANAHUARA', '01', '04', 1),
('23', 'PILCOMAYO', '01', '11', 1),
('23', 'SAN BARTOLO', '01', '14', 1),
('23', 'COLQUIOC', '03', '02', 1),
('23', 'YANAS', '03', '09', 1),
('23', 'PARCO', '03', '11', 1),
('23', 'PROVIDENCIA', '04', '01', 1),
('23', 'SURCUBAMBA', '05', '08', 1),
('23', 'SAN PEDRO DE HUANCAYRE', '06', '14', 1),
('23', 'SAN PEDRO DE PILAS', '07', '14', 1),
('24', 'YARABAMBA', '01', '04', 1),
('24', 'PUCARA', '01', '11', 1),
('24', 'SAN ISIDRO', '01', '14', 1),
('24', 'LA PRIMAVERA', '03', '02', 1),
('24', 'POMACANCHA', '03', '11', 1),
('24', 'SANTA ANA DE HUAYCAHUACHO', '05', '05', 1),
('24', 'SANTA CRUZ DE COCACHACRA', '06', '14', 1),
('24', 'TANTA', '07', '14', 1),
('25', 'YURA', '01', '04', 1),
('25', 'QUICHUAY', '01', '11', 1),
('25', 'BARRANCO', '01', '14', 1),
('25', 'HUALLANCA', '03', '02', 1),
('25', 'RICRAN', '03', '11', 1),
('25', 'SANTA LUCIA', '05', '05', 1),
('25', 'TINTAY PUNCU', '05', '08', 1),
('25', 'SANTA EULALIA', '06', '14', 1),
('25', 'TAURIPAMPA', '07', '14', 1),
('26', 'MARIANO MELGAR', '01', '04', 1),
('26', 'QUILCAS', '01', '11', 1),
('26', 'SAN MARTIN DE PORRES', '01', '14', 1),
('26', 'SAN LORENZO', '03', '11', 1),
('26', 'SALCAHUASI', '05', '08', 1),
('26', 'SANTIA DE ANCHUCAYA', '06', '14', 1),
('26', 'TUPE', '07', '14', 1),
('27', 'JACOBO HUNTER', '01', '04', 1),
('27', 'SAN AGUSTIN', '01', '11', 1),
('27', 'SAN MIGUEL', '01', '14', 1),
('27', 'SAN PEDRO DE CHUNAN', '03', '11', 1),
('27', 'TANTARA', '04', '08', 1),
('27', 'SANTIA DE TUNA', '06', '14', 1),
('27', 'TOMAS', '07', '14', 1),
('28', 'ALTO SELVA ALEGRE', '01', '04', 1),
('28', 'SAN JERONIMO DE TUNAN', '01', '11', 1),
('28', 'SANTA MARIA DEL MAR', '01', '14', 1),
('28', 'SINCOS', '03', '11', 1),
('28', 'TICRAPO', '04', '08', 1),
('28', 'SANTO DOMIN DE LOS OLLEROS', '06', '14', 1),
('28', 'VIÑAC', '07', '14', 1),
('29', 'JOSE LUIS BUSTAMANTE Y RIVERO', '01', '04', 1),
('29', 'SANTA ROSA', '01', '14', 1),
('29', 'TUNAN MARCA', '03', '11', 1),
('29', 'SANTA ANA', '04', '08', 1),
('29', 'SAISA', '05', '05', 1),
('29', 'SURCO', '06', '14', 1),
('29', 'VITIS', '07', '14', 1),
('30', 'SANTIA DE SURCO', '01', '14', 1),
('30', 'YAULI', '03', '11', 1),
('30', 'HUACHUPAMPA', '06', '14', 1),
('30', 'HONS', '07', '14', 1),
('31', 'SANTO DOMIN DE ACOBAMBA', '01', '11', 1),
('31', 'SURQUILLO', '01', '14', 1),
('31', 'CURICACA', '03', '11', 1),
('31', 'SAN PEDRO DE PALCO', '05', '05', 1),
('31', 'LARAOS', '06', '14', 1),
('31', 'MADEAN', '07', '14', 1),
('32', 'SAÑO', '01', '11', 1),
('32', 'VILLA MARIA DEL TRIUNFO', '01', '14', 1),
('32', 'MASMA CHICCHE', '03', '11', 1),
('32', 'SAN CRISTOBAL', '05', '05', 1),
('32', 'SAN JUAN DE IRIS', '06', '14', 1),
('32', 'PUTINZA', '07', '14', 1),
('33', 'SAPALLANGA', '01', '11', 1),
('33', 'JESUS MARIA', '01', '14', 1),
('33', 'SAUSA', '03', '11', 1),
('33', 'CATAHUASI', '07', '14', 1),
('34', 'SICAYA', '01', '11', 1),
('34', 'INDEPENDENCIA', '01', '14', 1),
('34', 'YAUYOS', '03', '11', 1),
('35', 'EL AGUSTINO', '01', '14', 1),
('36', 'VIQUES', '01', '11', 1),
('36', 'SAN JUAN DE MIRAFLORES', '01', '14', 1),
('37', 'SAN JUAN DE LURIGANCHO', '01', '14', 1),
('38', 'SAN LUIS', '01', '14', 1),
('39', 'CIENEGUILLA', '01', '14', 1),
('40', 'SAN BORJA', '01', '14', 1),
('41', 'VILLA EL SALVADOR', '01', '14', 1),
('42', 'LOS OLIVOS', '01', '14', 1),
('43', 'SANTA ANITA', '01', '14', 1);

-- --------------------------------------------------------

--
-- Table structure for table `evento`
--

CREATE TABLE IF NOT EXISTS `evento` (
  `idevento` int(11) NOT NULL AUTO_INCREMENT,
  `eve_nombre` varchar(60) DEFAULT NULL,
  `eve_fechainicio` date DEFAULT NULL,
  `eve_fechafin` date DEFAULT NULL,
  `eve_descripcion` text,
  `eve_vacceso` text,
  `eve_caracteristicas` text,
  `eve_estado` tinyint(1) DEFAULT NULL,
  `idlugar` int(11) NOT NULL,
  `eve_precio` int(11) DEFAULT NULL,
  `eve_anio` smallint(6) DEFAULT NULL,
  PRIMARY KEY (`idevento`)
) ENGINE=InnoDB  DEFAULT CHARSET=utf8 AUTO_INCREMENT=5 ;

-- --------------------------------------------------------

--
-- Table structure for table `galeria`
--

CREATE TABLE IF NOT EXISTS `galeria` (
  `idgaleria` int(11) NOT NULL,
  `gal_nombre` varchar(45) DEFAULT NULL,
  `gal_estado` enum('ADMINISTRADOR','CLIENTE') DEFAULT NULL,
  `cliente_idcliente` int(11) NOT NULL,
  `administrador_idadministrador` int(11) NOT NULL,
  PRIMARY KEY (`idgaleria`)
) ENGINE=InnoDB DEFAULT CHARSET=utf8;

-- --------------------------------------------------------

--
-- Table structure for table `horarios`
--

CREATE TABLE IF NOT EXISTS `horarios` (
  `idhorario` int(11) NOT NULL,
  `idlugar` int(11) DEFAULT NULL,
  `hor_dia` int(11) DEFAULT NULL,
  `hor_horas` int(11) DEFAULT NULL,
  `lugar_idlugar` int(11) NOT NULL,
  PRIMARY KEY (`idhorario`)
) ENGINE=InnoDB DEFAULT CHARSET=utf8;

-- --------------------------------------------------------

--
-- Table structure for table `hospedaje`
--

CREATE TABLE IF NOT EXISTS `hospedaje` (
  `idhospedaje` int(11) NOT NULL AUTO_INCREMENT,
  `hos_nombre` varchar(40) DEFAULT NULL,
  `hos_descripcion` text,
  `hos_categoria` varchar(25) DEFAULT NULL,
  `hos_estado` tinyint(4) DEFAULT NULL,
  `idlugar` int(11) NOT NULL,
  `hos_precio` int(11) DEFAULT NULL,
  PRIMARY KEY (`idhospedaje`)
) ENGINE=InnoDB  DEFAULT CHARSET=utf8 AUTO_INCREMENT=22 ;

-- --------------------------------------------------------

--
-- Table structure for table `instituciones`
--

CREATE TABLE IF NOT EXISTS `instituciones` (
  `idnstituciones` int(11) NOT NULL AUTO_INCREMENT,
  `inst_nombre` varchar(45) DEFAULT NULL,
  `inst_descripcion` text,
  `inst_estado` tinyint(4) DEFAULT NULL,
  `lugar_idlugar` int(11) NOT NULL,
  PRIMARY KEY (`idnstituciones`)
) ENGINE=InnoDB  DEFAULT CHARSET=utf8 AUTO_INCREMENT=25 ;

-- --------------------------------------------------------

--
-- Table structure for table `lugar`
--

CREATE TABLE IF NOT EXISTS `lugar` (
  `idlugar` int(11) NOT NULL,
  `lug_direccion` varchar(45) DEFAULT NULL,
  `lug_latylong` varchar(45) DEFAULT NULL,
  `lug_foto` varchar(90) DEFAULT NULL,
  `lug_telefono` varchar(45) DEFAULT NULL,
  `lug_distrito` varchar(45) DEFAULT NULL,
  `distrito_iddistrito` varchar(2) NOT NULL,
  `distrito_idprovincia` varchar(2) NOT NULL,
  `distrito_iddepartamento` varchar(2) NOT NULL,
  `lug_fechas` varchar(45) DEFAULT NULL,
  PRIMARY KEY (`idlugar`)
) ENGINE=InnoDB DEFAULT CHARSET=utf8;

-- --------------------------------------------------------

--
-- Table structure for table `mci_sturistico`
--

CREATE TABLE IF NOT EXISTS `mci_sturistico` (
  `idmci_sturistico` int(11) NOT NULL AUTO_INCREMENT,
  `mci_nombre` varchar(50) DEFAULT NULL,
  `mci_vacceso` text,
  `mci_sbrindados` text,
  `mci_ingreso` text,
  `mci_descripcion` text,
  `mci_tipo` int(11) DEFAULT NULL,
  `mci_estado` tinyint(1) DEFAULT NULL,
  `idlugar` int(11) NOT NULL,
  `mci_precio` int(11) DEFAULT NULL,
  PRIMARY KEY (`idmci_sturistico`)
) ENGINE=InnoDB  DEFAULT CHARSET=utf8 AUTO_INCREMENT=32 ;

-- --------------------------------------------------------

--
-- Table structure for table `menu`
--

CREATE TABLE IF NOT EXISTS `menu` (
  `menId` int(11) NOT NULL AUTO_INCREMENT,
  `menPadreId` smallint(6) DEFAULT NULL,
  `menNombre` varchar(50) DEFAULT NULL,
  `menOrden` int(11) DEFAULT NULL,
  `menDescripcion` varchar(500) DEFAULT NULL,
  `menDraggable` char(1) DEFAULT NULL,
  `menHidden` char(1) DEFAULT NULL,
  PRIMARY KEY (`menId`)
) ENGINE=InnoDB  DEFAULT CHARSET=utf8 AUTO_INCREMENT=13 ;

-- --------------------------------------------------------

--
-- Table structure for table `multitabla`
--

CREATE TABLE IF NOT EXISTS `multitabla` (
  `idmultitabla` int(11) NOT NULL AUTO_INCREMENT,
  `mu_tabla` varchar(85) DEFAULT NULL,
  `mu_id` int(11) DEFAULT NULL,
  `mu_descripcion` varchar(85) DEFAULT NULL,
  `mu_activo` bit(1) DEFAULT NULL,
  PRIMARY KEY (`idmultitabla`)
) ENGINE=InnoDB  DEFAULT CHARSET=utf8 AUTO_INCREMENT=18 ;

-- --------------------------------------------------------

--
-- Table structure for table `perfil`
--

CREATE TABLE IF NOT EXISTS `perfil` (
  `perfId` int(11) NOT NULL AUTO_INCREMENT,
  `rolId` int(11) NOT NULL,
  `usuId` int(11) NOT NULL,
  PRIMARY KEY (`perfId`,`rolId`,`usuId`)
) ENGINE=InnoDB  DEFAULT CHARSET=utf8 AUTO_INCREMENT=6 ;

-- --------------------------------------------------------

--
-- Table structure for table `permiso`
--

CREATE TABLE IF NOT EXISTS `permiso` (
  `permId` int(11) NOT NULL AUTO_INCREMENT,
  `menId` int(11) NOT NULL,
  `rolId` int(11) NOT NULL,
  PRIMARY KEY (`permId`,`menId`,`rolId`)
) ENGINE=InnoDB  DEFAULT CHARSET=utf8 AUTO_INCREMENT=69 ;

-- --------------------------------------------------------

--
-- Table structure for table `personalizada`
--

CREATE TABLE IF NOT EXISTS `personalizada` (
  `idpersonalizada` int(11) NOT NULL AUTO_INCREMENT,
  `usuId` int(11) NOT NULL,
  `tipo_tabla` int(11) DEFAULT NULL,
  `orden` int(11) DEFAULT NULL,
  `activo` tinyint(1) DEFAULT NULL,
  PRIMARY KEY (`idpersonalizada`)
) ENGINE=InnoDB DEFAULT CHARSET=utf8 AUTO_INCREMENT=1 ;

-- --------------------------------------------------------

--
-- Table structure for table `provincia`
--

CREATE TABLE IF NOT EXISTS `provincia` (
  `idprovincia` varchar(2) NOT NULL,
  `pro_descripcion` varchar(85) DEFAULT NULL,
  `iddepartamento` varchar(2) NOT NULL,
  `pro_estado` tinyint(1) DEFAULT NULL,
  PRIMARY KEY (`idprovincia`,`iddepartamento`)
) ENGINE=InnoDB DEFAULT CHARSET=utf8;

--
-- Dumping data for table `provincia`
--

INSERT INTO `provincia` (`idprovincia`, `pro_descripcion`, `iddepartamento`, `pro_estado`) VALUES
('01', 'CHACHAPOYAS', '01', 1),
('01', 'HUARAZ', '02', 1),
('01', 'ABANCAY', '03', 1),
('01', 'AREQUIPA', '04', 1),
('01', 'HUAMANGA', '05', 1),
('01', 'CAJAMARCA', '06', 1),
('01', 'CUSCO', '07', 1),
('01', 'HUANCAVELICA', '08', 1),
('01', 'HUANUCO', '09', 1),
('01', 'ICA', '10', 1),
('01', 'HUANCAYO', '11', 1),
('01', 'TRUJILLO', '12', 1),
('01', 'CHICLAYO', '13', 1),
('01', 'LIMA', '14', 1),
('01', 'MAYNAS', '15', 1),
('01', 'TAMBOPATA', '16', 1),
('01', 'MARISCAL NIETO', '17', 1),
('01', 'PASCO', '18', 1),
('01', 'PIURA', '19', 1),
('01', 'PUNO', '20', 1),
('01', 'MOYOBAMBA', '21', 1),
('01', 'TACNA', '22', 1),
('01', 'TUMBES', '23', 1),
('01', 'CORONEL PORTILLO', '25', 1),
('02', 'BAGUA', '01', 1),
('02', 'AIJA', '02', 1),
('02', 'AYMARAES', '03', 1),
('02', 'CAYLLOMA', '04', 1),
('02', 'CANGALLO', '05', 1),
('02', 'CAJABAMBA', '06', 1),
('02', 'ACOMAYO', '07', 1),
('02', 'ACOBAMBA', '08', 1),
('02', 'AMBO', '09', 1),
('02', 'CHINCHA', '10', 1),
('02', 'CONCEPCION', '11', 1),
('02', 'BOLIVAR', '12', 1),
('02', 'FERREÑAFE', '13', 1),
('02', 'CAJATAMBO', '14', 1),
('02', 'ALTO AMAZONAS', '15', 1),
('02', 'MANU', '16', 1),
('02', 'GENERAL SANCHEZ CERRO', '17', 1),
('02', 'DANIEL ALCIDES CARRION', '18', 1),
('02', 'AYABACA', '19', 1),
('02', 'AZANGARO', '20', 1),
('02', 'HUALLAGA', '21', 1),
('02', 'TARATA', '22', 1),
('02', 'CONTRALMIRANTE VILLAR', '23', 1),
('02', 'PADRE ABAD', '25', 1),
('03', 'BONGARA', '01', 1),
('03', 'BOLOGNESI', '02', 1),
('03', 'ANDAHUAYLAS', '03', 1),
('03', 'CAMANA', '04', 1),
('03', 'HUANTA', '05', 1),
('03', 'CELENDIN', '06', 1),
('03', 'ANTA', '07', 1),
('03', 'ANGARAES', '08', 1),
('03', 'DOS DE MAYO', '09', 1),
('03', 'NAZCA', '10', 1),
('03', 'JAUJA', '11', 1),
('03', 'SANCHEZ CARRION', '12', 1),
('03', 'LAMBAYEQUE', '13', 1),
('03', 'CANTA', '14', 1),
('03', 'LORETO', '15', 1),
('03', 'TAHUAMANU', '16', 1),
('03', 'ILO', '17', 1),
('03', 'OXAPAMPA', '18', 1),
('03', 'HUANCABAMBA', '19', 1),
('03', 'CARABAYA', '20', 1),
('03', 'LAMAS', '21', 1),
('03', 'JORGE BASADRE', '22', 1),
('03', 'ZARUMILLA', '23', 1),
('03', 'ATALAYA', '25', 1),
('04', 'LUYA', '01', 1),
('04', 'CARHUAZ', '02', 1),
('04', 'ANTABAMBA', '03', 1),
('04', 'CARAVELI', '04', 1),
('04', 'LA MAR', '05', 1),
('04', 'CONTUMAZA', '06', 1),
('04', 'CALCA', '07', 1),
('04', 'CASTROVIRREYNA', '08', 1),
('04', 'HUAMALIES', '09', 1),
('04', 'PISCO', '10', 1),
('04', 'JUNIN', '11', 1),
('04', 'OTUZCO', '12', 1),
('04', 'CAÑETE', '14', 1),
('04', 'REQUENA', '15', 1),
('04', 'MORROPON', '19', 1),
('04', 'CHUCUITO', '20', 1),
('04', 'MARISCAL CACERES', '21', 1),
('04', 'CANDARAVE', '22', 1),
('04', 'PURUS', '25', 1),
('05', 'RODRIGUEZ DE MENDOZA', '01', 1),
('05', 'CASMA', '02', 1),
('05', 'COTABAMBAS', '03', 1),
('05', 'CASTILLA', '04', 1),
('05', 'LUCANAS', '05', 1),
('05', 'CUTERVO', '06', 1),
('05', 'CANAS', '07', 1),
('05', 'TAYACAJA', '08', 1),
('05', 'MARAÑON', '09', 1),
('05', 'PALPA', '10', 1),
('05', 'TARMA', '11', 1),
('05', 'PACASMAYO', '12', 1),
('05', 'HUAURA', '14', 1),
('05', 'UCAYALI', '15', 1),
('05', 'PAITA', '19', 1),
('05', 'HUANCANE', '20', 1),
('05', 'RIOJA', '21', 1),
('06', 'CONDORCANQUI', '01', 1),
('06', 'CORON', '02', 1),
('06', 'GRAU', '03', 1),
('06', 'CONDESUYOS', '04', 1),
('06', 'PARINACOCHAS', '05', 1),
('06', 'CHOTA', '06', 1),
('06', 'CANCHIS', '07', 1),
('06', 'HUAYTARA', '08', 1),
('06', 'LEONCIO PRADO', '09', 1),
('06', 'YAULI', '11', 1),
('06', 'PATAZ', '12', 1),
('06', 'HUAROCHIRI', '14', 1),
('06', 'MARISCAL RAMON CASTILLA', '15', 1),
('06', 'SULLANA', '19', 1),
('06', 'LAMPA', '20', 1),
('06', 'SAN MARTIN', '21', 1),
('07', 'UTCUBAMBA', '01', 1),
('07', 'HUAYLAS', '02', 1),
('07', 'CHINCHEROS', '03', 1),
('07', 'ISLAY', '04', 1),
('07', 'VICTOR FAJARDO', '05', 1),
('07', 'HUALGAYOC', '06', 1),
('07', 'CHUMBIVILCAS', '07', 1),
('07', 'CHURCAMPA', '08', 1),
('07', 'PACHITEA', '09', 1),
('07', 'SATIPO', '11', 1),
('07', 'SANTIA DE CHUCO', '12', 1),
('07', 'YAUYOS', '14', 1),
('07', 'DATEM DEL MARAÑON', '15', 1),
('07', 'TALARA', '19', 1),
('07', 'MELGAR', '20', 1),
('07', 'BELLAVISTA', '21', 1),
('08', 'HUARI', '02', 1),
('08', 'LA UNION', '04', 1),
('08', 'HUANCA SANCOS', '05', 1),
('08', 'JAEN', '06', 1),
('08', 'ESPINAR', '07', 1),
('08', 'PUERTO INCA', '09', 1),
('08', 'CHANCHAMAYO', '11', 1),
('08', 'ASCOPE', '12', 1),
('08', 'HUARAL', '14', 1),
('08', 'SECHURA', '19', 1),
('08', 'SANDIA', '20', 1),
('08', 'TOCACHE', '21', 1),
('09', 'MARISCAL LUZURIAGA', '02', 1),
('09', 'VILCAS HUAMAN', '05', 1),
('09', 'SANTA CRUZ', '06', 1),
('09', 'LA CONVENCION', '07', 1),
('09', 'HUACAYBAMBA', '09', 1),
('09', 'CHUPACA', '11', 1),
('09', 'CHEPEN', '12', 1),
('09', 'BARRANCA', '14', 1),
('09', 'SAN ROMAN', '20', 1),
('09', 'PICOTA', '21', 1),
('10', 'PALLASCA', '02', 1),
('10', 'PAUCAR DEL SARA SARA', '05', 1),
('10', 'SAN MIGUEL', '06', 1),
('10', 'PARURO', '07', 1),
('10', 'LAURICOCHA', '09', 1),
('10', 'JULCAN', '12', 1),
('10', 'OYON', '14', 1),
('10', 'YUNGUYO', '20', 1),
('10', 'EL DORADO', '21', 1),
('11', 'POMABAMBA', '02', 1),
('11', 'SUCRE', '05', 1),
('11', 'SAN IGNACIO', '06', 1),
('11', 'PAUCARTAMBO', '07', 1),
('11', 'YAROWILCA', '09', 1),
('11', 'GRAN CHIMU', '12', 1),
('11', 'SAN ANTONIO DE PUTINA', '20', 1),
('12', 'RECUAY', '02', 1),
('12', 'SAN MARCOS', '06', 1),
('12', 'QUISPICANCHI', '07', 1),
('12', 'VIRU', '12', 1),
('12', 'EL COLLAO', '20', 1),
('13', 'SANTA', '02', 1),
('13', 'SAN PABLO', '06', 1),
('13', 'URUBAMBA', '07', 1),
('13', 'MOHO', '20', 1),
('14', 'SIHUAS', '02', 1),
('15', 'YUNGAY', '02', 1),
('16', 'ANTONIO RAIMONDI', '02', 1),
('17', 'CARLOS FERMIN FITZCARRALD', '02', 1),
('18', 'ASUNCION', '02', 1),
('19', 'HUARMEY', '02', 1),
('20', 'OCROS', '02', 1);

-- --------------------------------------------------------

--
-- Table structure for table `restaurante`
--

CREATE TABLE IF NOT EXISTS `restaurante` (
  `idrestaurante` int(11) NOT NULL AUTO_INCREMENT,
  `res_nombre` varchar(40) DEFAULT NULL,
  `res_descripcion` varchar(45) DEFAULT NULL,
  `res_categoria` varchar(25) DEFAULT NULL,
  `res_tipo` varchar(35) DEFAULT NULL,
  `res_estado` tinyint(1) DEFAULT NULL,
  `idlugar` int(11) NOT NULL,
  `res_precio` int(11) DEFAULT NULL,
  PRIMARY KEY (`idrestaurante`)
) ENGINE=InnoDB  DEFAULT CHARSET=utf8 AUTO_INCREMENT=11 ;

-- --------------------------------------------------------

--
-- Table structure for table `rol`
--

CREATE TABLE IF NOT EXISTS `rol` (
  `rolId` int(11) NOT NULL AUTO_INCREMENT,
  `rolNombre` varchar(50) DEFAULT NULL,
  `rolActivo` char(1) DEFAULT NULL,
  PRIMARY KEY (`rolId`)
) ENGINE=InnoDB  DEFAULT CHARSET=utf8 AUTO_INCREMENT=4 ;

-- --------------------------------------------------------

--
-- Table structure for table `subtipo`
--

CREATE TABLE IF NOT EXISTS `subtipo` (
  `idsubtipo` int(11) NOT NULL,
  `sub_nombre` varchar(45) DEFAULT NULL,
  `lugar_idlugar` int(11) NOT NULL,
  PRIMARY KEY (`idsubtipo`)
) ENGINE=InnoDB DEFAULT CHARSET=utf8;

-- --------------------------------------------------------

--
-- Table structure for table `tipo`
--

CREATE TABLE IF NOT EXISTS `tipo` (
  `idtipo` int(11) NOT NULL,
  `tip_nombre` varchar(30) DEFAULT NULL,
  PRIMARY KEY (`idtipo`)
) ENGINE=InnoDB DEFAULT CHARSET=utf8;

-- --------------------------------------------------------

--
-- Table structure for table `valoracion`
--

CREATE TABLE IF NOT EXISTS `valoracion` (
  `idvaloracion` int(11) NOT NULL AUTO_INCREMENT,
  `idcliente` int(11) NOT NULL,
  `val_fechaHora` datetime DEFAULT NULL,
  `val_puntaje` int(11) DEFAULT NULL,
  `idlugar` int(11) NOT NULL,
  PRIMARY KEY (`idvaloracion`)
) ENGINE=InnoDB DEFAULT CHARSET=utf8 AUTO_INCREMENT=1 ;

/*!40101 SET CHARACTER_SET_CLIENT=@OLD_CHARACTER_SET_CLIENT */;
/*!40101 SET CHARACTER_SET_RESULTS=@OLD_CHARACTER_SET_RESULTS */;
/*!40101 SET COLLATION_CONNECTION=@OLD_COLLATION_CONNECTION */;
